<Babilonia_0>	<Babilonia>
<Babilonia_1>	<Tai_Babilonia>
<Willmar_0>	<Willmar_Township,_Kandiyohi_County,_Minnesota>
<Willmar_1>	<Willmar,_Minnesota>
<Willmar_2>	<Willmar_Air_Force_Station>
<Arundel_Castle_0>	<Arundel_Castle>
<Arundel_Castle_1>	<Arundel_Castle_Cricket_Ground>
<Ashok_Kumar_0>	<Ashok_Kumar_(British_politician)>
<Ashok_Kumar_1>	<Ashok_Kumar_(golfer)>
<Ashok_Kumar_2>	<Ashok_Kumar_(field_hockey)>
<Ashok_Kumar_3>	<Ashok_Kumar_(cinematographer)>
<Ashok_Kumar_4>	<Ashok_Kumar_(film)>
<Ashok_Kumar_5>	<Ashok_Kumar>
<Mortal_Kombat_0>	<Mortal_Kombat_(film)>
<Mortal_Kombat_1>	<Mortal_Kombat>
<Mortal_Kombat_2>	<Mortal_Kombat_(2011_video_game)>
<Mortal_Kombat_3>	<Mortal_Kombat_(1992_video_game)>
<Kelston_0>	<Kelston,_New_Zealand>
<Kelston_1>	<Kelston_(New_Zealand_electorate)>
<Epirus_0>	<Epirus>
<Epirus_1>	<Epirus_(ancient_state)>
<Epirus_2>	<Epirus_(mythology)>
<Epirus_3>	<Epirus_(region)>
<Straitjacket_0>	<Straitjacket_(comedy_duo)>
<Straitjacket_1>	<Strait_Jackets>
<Straitjacket_2>	<Strait_Jacket>
<Straitjacket_3>	<Strait-Jacket>
<Straitjacket_4>	<Los_Straitjackets>
<Straitjacket_5>	<Straight-Jacket>
<Marble_Canyon_0>	<Marble_Canyon_(British_Columbia)>
<Marble_Canyon_1>	<Marble_Canyon,_Arizona>
<Marble_Canyon_2>	<Marble_Canyon_(Canadian_Rockies)>
<Marble_Canyon_3>	<Marble_Canyon>
<Foxfire_0>	<Foxfire_(comics)>
<Foxfire_1>	<Foxfire_(1996_film)>
<Foxfire_2>	<Foxfire_(1987_film)>
<Foxfire_3>	<Foxfire_(magazine)>
<Foxfire_4>	<Illuminator_(backlight)>
<Foxfire_5>	<Foxfire_(1955_film)>
<Foxfire_6>	<Foxfire_(play)>
<Foxfire_7>	<Foxfire,_North_Carolina>
<Battleaxe_0>	<Battle_axe>
<Battleaxe_1>	<Battleaxe_(band)>
<Battleaxe_2>	<Battleaxe_(novel)>
<Genera_Plantarum_0>	<Antoine_Laurent_de_Jussieu>
<Genera_Plantarum_1>	<Christian_Gottfried_Daniel_Nees_von_Esenbeck>
<Genera_Plantarum_2>	<Adam_Afzelius>
<Genera_Plantarum_3>	<Stephan_Endlicher>
<Genera_Plantarum_4>	<Henri_François_Pittier>
<Genera_Plantarum_5>	<Genera_Plantarum>
<Balao_0>	<Balao-class_submarine>
<Balao_1>	<Balao>
<Balao_2>	<Turma_do_Balão_Mágico>
<Shaolin_Temple_0>	<Shaolin_Monastery>
<Shaolin_Temple_1>	<Shaolin_Temple_(1982_film)>
<Shaolin_Temple_2>	<Shaolin_Temple_(1976_film)>
<USBL_0>	<United_States_Basketball_League>
<USBL_1>	<United_States_Baseball_League>
<Kralovice_0>	<Dolní_Kralovice>
<Kralovice_1>	<Kralovice>
<Mike_Shanahan_0>	<Mike_Shanahan>
<Mike_Shanahan_1>	<Mike_Shanahan_(tight_end)>
<Calla_0>	<Calla_(band)>
<Calla_1>	<Calla_(album)>
<Calla_2>	<Calla_(film)>
<Mark_Wilkinson_0>	<Mark_Wilkinson_(designer)>
<Mark_Wilkinson_1>	<Mark_Wilkinson_(singer)>
<Mark_Wilkinson_2>	<Marc_Wilkinson>
<Ramsgate_0>	<Ramsgate,_KwaZulu-Natal>
<Ramsgate_1>	<Ramsgate>
<Ramsgate_2>	<Ramsgate,_New_South_Wales>
<Daria_0>	<Daria>
<Daria_1>	<Daria_Morgendorffer>
<Ring_Road_0>	<Ring_Road_(Cairo)>
<Ring_Road_1>	<Ring_Road_(song)>
<Ring_Road_2>	<Ring_Road_(Regina,_Saskatchewan)>
<Geordie_0>	<Geordie_(ballad)>
<Geordie_1>	<Geordie>
<Geordie_2>	<Geordie_(band)>
<Geordie_3>	<Geordie_(film)>
<Vulcain_0>	<Vulcain_(band)>
<Vulcain_1>	<Vulcain>
<Vulcain_2>	<Vulcain_(M611)>
<Seven_Samurai_0>	<Seven_Samurai>
<Seven_Samurai_1>	<Seven_Samurai_20XX>
<Seven_Samurai_2>	<Samurai_7>
<Jerry_Adler_0>	<Jerry_Adler_(rock_musician)>
<Jerry_Adler_1>	<Jerry_Adler_(harmonica_player)>
<Jerry_Adler_2>	<Jerry_Adler>
<Splinter_0>	<Splinter_(band)>
<Splinter_1>	<Splinter_(Teenage_Mutant_Ninja_Turtles)>
<Splinter_2>	<Splinter_(Sneaker_Pimps_album)>
<Splinter_3>	<Splinter_(automobile)>
<Splinter_4>	<Splinter_(2008_film)>
<Splinter_5>	<Splinter_(2006_film)>
<Splinter_6>	<Splinter_(novel)>
<Splinter_7>	<Splinter_(The_Offspring_album)>
<Yule_log_0>	<Yule_log_(cake)>
<Yule_log_1>	<Yule_log>
<Dalston_0>	<Dalston_(Hackney_ward)>
<Dalston_1>	<Dalston>
<Dalston_2>	<Dalston,_Cumbria>
<Žilina_0>	<Žilina>
<Žilina_1>	<Žilina_(Kladno_District)>
<Peaches_0>	<Peaches_(Swedish_duo)>
<Peaches_1>	<Peaches_(musician)>
<Peaches_2>	<Peaches_(film)>
<Peaches_3>	<Peaches_(The_Presidents_of_the_United_States_of_America_song)>
<Miguel_of_Portugal_0>	<Miguel,_Duke_of_Braganza>
<Miguel_of_Portugal_1>	<Prince_Miguel,_Duke_of_Viseu>
<Shafi_0>	<Shafi,_Iran>
<Shafi_1>	<Shafi_(director)>
<Aerodrome_0>	<Terminal_aerodrome_forecast>
<Aerodrome_1>	<Langley_Aerodrome>
<Aerodrome_2>	<Aerodrome>
<Brian_Roberts_0>	<Brian_Roberts_(Australian_rules_footballer)>
<Brian_Roberts_1>	<Brian_Roberts_(soccer)>
<Brian_Roberts_2>	<Brian_Roberts_(historian)>
<Brian_Roberts_3>	<Brian_Roberts_(basketball)>
<Brian_Roberts_4>	<Brian_Roberts_(New_Zealand_footballer)>
<Brian_Roberts_5>	<Brian_Roberts_(English_footballer)>
<Brian_Roberts_6>	<Brian_Roberts>
<Alexander_Grigoriev_0>	<Alexander_Grigoriev>
<Alexander_Grigoriev_1>	<Alexander_Grigoryev>
<Key_West_0>	<Key_West,_Iowa>
<Key_West_1>	<Key_West,_Florida>
<Key_West_2>	<Key_West_(TV_series)>
<Key_West_3>	<Key_West_International_Airport>
<Key_West_4>	<Key_West>
<Serpico_0>	<Serpico_(band)>
<Serpico_1>	<Serpico>
<Serpico_2>	<Serpico_(TV_series)>
<Plant_system_0>	<Epidermis_(botany)>
<Plant_system_1>	<Ground_tissue>
<Black_Watch_0>	<The_Black_Watch>
<Black_Watch_1>	<Black_Watch_(full_rigged_ship)>
<Black_Watch_2>	<Black_Watch_(wristwatch)>
<Black_Watch_3>	<Black_Watch_(ship)>
<Black_Watch_4>	<Black_Watch>
<Black_Watch_5>	<The_Black_Watch_(band)>
<Black_Watch_6>	<Black_Watch_(play)>
<Joe_Wright_0>	<Joe_Wright_(baseball)>
<Joe_Wright_1>	<Joe_Wright_(greyhound_trainer)>
<Joe_Wright_2>	<Joe_Wright>
<Joe_Wright_3>	<Joe_Wright_(footballer)>
<Galahad_0>	<Galahad,_Alberta>
<Galahad_1>	<Galahad>
<Galahad_2>	<Galahad_(UK_band)>
<Alexander_Thom_0>	<Alexander_Thom>
<Alexander_Thom_1>	<James_Alexander_Thom>
<Alexander_Thom_2>	<Alexander_Thom_(almanac_editor)>
<Keith_Anderson_0>	<Keith_Anderson>
<Keith_Anderson_1>	<Bob_Andy>
<Chestnut_Mountain_0>	<Chestnut_Mountain>
<Chestnut_Mountain_1>	<Chestnut_Mountain_(Caldwell_County,_North_Carolina)>
<Chestnut_Mountain_2>	<Chestnut_Mountain_(Transylvania_County,_North_Carolina)>
<Edward_Osborne_0>	<Edward_Osborne_(Mayor_of_Hythe)>
<Edward_Osborne_1>	<Edward_Osborne>
<Clinton_0>	<Clinton,_New_Zealand>
<Clinton_1>	<Clinton,_Virginia>
<Clinton_2>	<Clinton_Village_Historic_District_(Clinton,_Connecticut)>
<Clinton_3>	<Clinton,_North_Carolina>
<Clinton_4>	<Clinton,_Kansas>
<Clinton_5>	<Clinton,_Dutchess_County,_New_York>
<Clinton_6>	<Clinton,_Illinois>
<Clinton_7>	<Clinton,_Iowa>
<Clinton_8>	<Clinton,_Washington>
<Clinton_9>	<Clinton,_Louisiana>
<Clinton_10>	<Clinton,_Maryland>
<Clinton_11>	<Castle_Clinton>
<Clinton_12>	<Clinton_Correctional_Facility>
<Clinton_13>	<Port_Clinton,_Pennsylvania>
<Clinton_14>	<Clinton,_Arkansas>
<Clinton_15>	<Clinton,_Oakland,_California>
<Clinton_16>	<Clinton,_California>
<Clinton_17>	<Clinton,_Lenawee_County,_Michigan>
<Clinton_18>	<Clinton,_Nebraska>
<Clinton_19>	<Clinton,_South_Carolina>
<Clinton_20>	<Clinton,_Ohio>
<Clinton_21>	<Clinton,_Montana>
<Clinton_22>	<Port_Clinton,_Ohio>
<Clinton_23>	<Clinton_State_Park>
<Clinton_24>	<Clinton,_New_Jersey>
<Clinton_25>	<Clinton,_British_Columbia>
<Clinton_26>	<Clinton_(automobile)>
<Clinton_27>	<Clinton,_Oneida_County,_New_York>
<Clinton_28>	<Clinton,_Connecticut>
<Clinton_29>	<Clinton,_Oklahoma>
<Clinton_30>	<Clinton,_Clinton_County,_New_York>
<Clinton_31>	<Clinton,_Utah>
<Clinton_32>	<Clinton,_Indiana>
<Clinton_33>	<Clinton,_Ontario>
<Clinton_34>	<Clinton_Village_Historic_District_(Clinton,_New_York)>
<Clinton_35>	<DeWitt_Clinton_High_School>
<Clinton_36>	<Clinton,_Minnesota>
<Clinton_37>	<Clinton>
<Clinton_38>	<Clinton,_Lassen_County,_California>
<Clinton_39>	<Clinton,_Tennessee>
<Clinton_40>	<Clinton,_Maine>
<Clinton_41>	<Clinton,_Missouri>
<Clinton_42>	<Clinton,_Mississippi>
<Clinton_43>	<Clinton_Nuclear_Generating_Station>
<Clinton_44>	<Clinton,_Massachusetts>
<Clinton_45>	<Clinton,_Kentucky>
<Graphite_0>	<Graphite_(album)>
<Graphite_1>	<Graphite_(SIL)>
<Bobèche_0>	<Bobèche_(clown)>
<Bobèche_1>	<Bobèche>
<Avella_0>	<Avella,_Pennsylvania>
<Avella_1>	<Avella>
<Boniface_II_0>	<Boniface_II,_Marquess_of_Montferrat>
<Boniface_II_1>	<Pope_Boniface_II>
<Boniface_II_2>	<Boniface_II,_Margrave_of_Tuscany>
<Thomas_Lowry_0>	<Thomas_Lowry>
<Thomas_Lowry_1>	<Thomas_Lowry_(racehorse_breeder)>
<Nabanna_0>	<Nabanna>
<Nabanna_1>	<Nabanna_(building)>
<Michael_Mansfield_0>	<Mike_Mansfield>
<Michael_Mansfield_1>	<Michael_Mansfield_(footballer)>
<Michelangelo_0>	<Michelangelo_(song)>
<Michelangelo_1>	<Michelangelo_(computer_virus)>
<Michelangelo_2>	<Michelangelo_(Teenage_Mutant_Ninja_Turtles)>
<Michelangelo_3>	<Michelangelo>
<William_Burnett_0>	<William_Burnett_(preacher)>
<William_Burnett_1>	<William_Burnett>
<Bartleby_0>	<Bartleby,_the_Scrivener>
<Bartleby_1>	<Bartleby_(1976_film)>
<Bartleby_2>	<Bartleby_(2001_film)>
<Bartleby_3>	<Bartleby_(1972_film)>
<America_America_0>	<America_America_(1995_film)>
<America_America_1>	<America_America>
<Fusor_0>	<Fusor>
<Fusor_1>	<Fusor_(astronomy)>
<Krabi_0>	<Krabi>
<Krabi_1>	<Krabi_Province>
<Johnson_School_0>	<Johnson_School_(North_Adams,_Massachusetts)>
<Johnson_School_1>	<Samuel_Curtis_Johnson_Graduate_School_of_Management>
<Johnson_School_2>	<Johnson_School_(Davenport,_Iowa)>
<Supergirl_0>	<Supergirl_(Reamonn_song)>
<Supergirl_1>	<Supergirl_(Hannah_Montana_song)>
<Supergirl_2>	<Supergirl_(comic_book)>
<Supergirl_3>	<Supergirl>
<Supergirl_4>	<Supergirl_(Linda_Danvers)>
<Supergirl_5>	<Supergirl_(film)>
<Supergirl_6>	<Supergirl_(Matrix)>
<Supergirl_7>	<Supergirl_(Kara_Zor-El)>
<Supergirl_8>	<Supergirl_(Cir-El)>
<Supergirl_9>	<Supergirl_(TV_series)>
<Material_0>	<Material_(Casiopea_album)>
<Material_1>	<Material_(Aco_album)>
<Material_2>	<Material_(band)>
<Dororo_0>	<Dororo_(film)>
<Dororo_1>	<Dororo>
<If_Not_for_You_0>	<If_Not_for_You_(TV_series)>
<If_Not_for_You_1>	<If_Not_for_You_(album)>
<If_Not_for_You_2>	<If_Not_for_You>
<Ken_Starr_0>	<Kenn_Starr_(rapper)>
<Ken_Starr_1>	<Kenny_Starr>
<Ken_Starr_2>	<Ken_Starr>
<Moritake_Tanabe_0>	<Moritake_Station>
<Moritake_Tanabe_1>	<Moritake_Tanabe>
<Juan_Álvarez_0>	<Juan_Álvarez>
<Juan_Álvarez_1>	<Juan_Álvarez_(writer)>
<Juan_Álvarez_2>	<Juan_Álvarez_(historian)>
<Juan_Álvarez_3>	<Juan_Álvarez_(rugby_player)>
<Vertigo_0>	<Vertigo_(wordless_novel)>
<Vertigo_1>	<Vertigo_(UTS)>
<Vertigo_2>	<Vertigo_(Jesse_Cook_album)>
<Vertigo_3>	<Vertigo_(John_5_album)>
<Vertigo_4>	<Vertigo_(DC_Comics)>
<Vertigo_5>	<Vertigo_(Jump,_Little_Children_album)>
<Vertigo_6>	<Vertigo_(film)>
<Vertigo_7>	<Vertigo_(Jackie_McLean_album)>
<Vertigo_8>	<Vertigo_(Olivia_Lewis_song)>
<Vertigo_9>	<Vertigo_(Billie_Myers_album)>
<Vertigo_10>	<Vertigo_(film_score)>
<Vertigo_11>	<Vertigo_(Groove_Armada_album)>
<Vertigo_12>	<Vertigo_(Marvel_Comics)>
<Vertigo_13>	<Vertigo_(Boxcar_album)>
<Vertigo_14>	<Vertigo_(U2_song)>
<Angers_0>	<Angers>
<Angers_1>	<Angers_(meteorite)>
<Angers_2>	<Angers_tramway>
<Angers_3>	<Angers_SCO>
<Disraeli_0>	<Disraeli_Glacier>
<Disraeli_1>	<Disraeli_(1921_film)>
<Disraeli_2>	<Disraeli_(play)>
<Disraeli_3>	<Disraeli,_Quebec_(city)>
<Disraeli_4>	<Disraeli_(TV_serial)>
<Disraeli_5>	<Benjamin_Disraeli>
<Disraeli_6>	<Disraeli_(1929_film)>
<Disraeli_7>	<Disraeli,_Quebec_(parish)>
<Disraeli_8>	<D'Israeli>
<Disraeli_9>	<Disraeli_(1916_film)>
<Disraeli_10>	<Isaac_D'Israeli>
<Disraeli_11>	<Mary_Anne_Disraeli>
<John_Oxley_0>	<John_Oxley_(actor)>
<John_Oxley_1>	<John_Oxley>
<Martin_Evans_0>	<Martin_Evans_(model_engineer)>
<Martin_Evans_1>	<Martin_Evans>
<Iron_Cross_0>	<Iron_Cross_(Secret_Society)>
<Iron_Cross_1>	<Iron_Cross_(film)>
<Iron_Cross_2>	<Iron_Cross_(band)>
<Iron_Cross_3>	<Iron_Cross_(Belgium)>
<Iron_Cross_4>	<Iron_Cross>
<Polly_0>	<Polly_(opera)>
<Polly_1>	<Polly_(brig)>
<Polly_2>	<Matthew_Polly>
<Polly_3>	<Polly_(1989_film)>
<Polly_4>	<Polly_(peanut)>
<Polly_5>	<Polly>
<Polly_6>	<Polly_(The_Kinks_song)>
<The_Mystery_of_Edwin_Drood_0>	<The_Mystery_of_Edwin_Drood>
<The_Mystery_of_Edwin_Drood_1>	<The_Mystery_of_Edwin_Drood_(1993_film)>
<The_Mystery_of_Edwin_Drood_2>	<The_Mystery_of_Edwin_Drood_(1935_film)>
<Tony_Blair_0>	<Tony_Blair_(song)>
<Tony_Blair_1>	<Tony_Blair>
<Bill_Cartwright_0>	<Bill_Cartwright>
<Bill_Cartwright_1>	<Bill_Cartwright_(footballer,_born_1922)>
<Clinic_0>	<Klinik>
<Clinic_1>	<Course_(education)>
<Clinic_2>	<Academic_conference>
<Clinic_3>	<The_Clinic_(2010_film)>
<Clinic_4>	<Clinic_(album)>
<Clinic_5>	<The_Clinic_(1982_film)>
<Clinic_6>	<The_Clinic_(TV_series)>
<Clinic_7>	<Clinic_(music)>
<Clinic_8>	<The_Clinic_(game)>
<Clinic_9>	<The_Clinic_(newspaper)>
<Saint_Pantaleon_0>	<Saint-Pantaléon-les-Vignes>
<Saint_Pantaleon_1>	<Saint-Pantaléon,_Lot>
<Saint_Pantaleon_2>	<Saint_Pantaleon>
<Saint_Pantaleon_3>	<Saint-Pantaléon,_Vaucluse>
<Saint_Pantaleon_4>	<Saint-Pantaléon-de-Lapleau>
<Searchlight_0>	<Searchlight_(workshops)>
<Searchlight_1>	<Searchlight_(album)>
<Searchlight_2>	<Searchlight,_Nevada>
<Searchlight_3>	<Searchlight_(magazine)>
<Searchlight_4>	<Searchlight_(short_story)>
<Everything_but_the_Girl_0>	<Everything_but_the_Girl_(album)>
<Everything_but_the_Girl_1>	<Everything_but_the_Girl>
<John_Callaghan_0>	<John_Callaghan>
<John_Callaghan_1>	<John_Callaghan_(Galway)>
<Yard_0>	<Yard_(land)>
<Yard_1>	<Yard_(sailing)>
<Master_of_Arts_0>	<Master_of_Arts_(Scotland)>
<Master_of_Arts_1>	<Master_craftsman>
<Master_of_Arts_2>	<Master_of_Arts>
<Christopher_Nolan_0>	<Christopher_Nolan>
<Christopher_Nolan_1>	<Christopher_Nolan_(author)>
<Ceará_0>	<Ceará>
<Ceará_1>	<Brazilian_monitor_Ceará>
<Yudh_0>	<Yudh_(TV_series)>
<Yudh_1>	<Yudh_(film)>
<Meddler_0>	<Meddler_(short_story)>
<Meddler_1>	<Meddler_(horse)>
<Sinn_Féin_0>	<Sinn_Féin_(newspaper)>
<Sinn_Féin_1>	<Sinn_Féin>
<Sinn_Féin_2>	<Sinn_Féin_(slogan)>
<Andrew_Kerr_0>	<Andrew_Kerr_(festival_co-founder)>
<Andrew_Kerr_1>	<Andrew_Kerr_(civil_servant)>
<Andrew_Kerr_2>	<Andrew_Kerr_(broadcaster)>
<Andrew_Kerr_3>	<Andrew_Kerr_(water_polo)>
<Andrew_Kerr_4>	<Andrew_Kerr>
<Leading_0>	<Leading_actor>
<Leading_1>	<Voice_leading>
<Leading_2>	<Leading-tone>
<Leading_3>	<Leading_Comics>
<Melusine_0>	<Melusine>
<Melusine_1>	<Melusine_(company)>
<You've_Got_a_Friend_0>	<You've_Got_a_Friend_(Susie_Luchsinger_album)>
<You've_Got_a_Friend_1>	<You've_Got_a_Friend>
<You've_Got_a_Friend_2>	<You've_Got_a_Friend_(television_show)>
<You've_Got_a_Friend_3>	<You've_Got_a_Friend_(Andy_Williams_album)>
<You've_Got_a_Friend_4>	<You've_Got_a_Friend_(Johnny_Mathis_album)>
<German_People's_Party_0>	<German_People's_Party_(1868)>
<German_People's_Party_1>	<German_People's_Party>
<German_People's_Party_2>	<German_People's_Party_(Romania)>
<German_People's_Party_3>	<German_People's_Party_(Austria)>
<The_Red_0>	<The_Red>
<The_Red_1>	<Red_River_Gorge>
<The_Red_2>	<The_Red_(film)>
<The_Red_3>	<Sport_Club_Internacional>
<Stephen_Conroy_0>	<Steve_Conroy_(referee)>
<Stephen_Conroy_1>	<Steve_Conroy_(footballer)>
<Stephen_Conroy_2>	<Stephen_Conroy_(artist)>
<Stephen_Conroy_3>	<Stephen_Conroy>
<Masudi_0>	<Al-Masudi>
<Masudi_1>	<Masudi,_South_Khorasan>
<Masudi_2>	<Masudi,_Khuzestan>
<Herten_0>	<Herten,_Netherlands>
<Herten_1>	<Herten>
<Waxwing_0>	<Waxwing_(band)>
<Waxwing_1>	<Waxwing_(rocket_motor)>
<John_Oates_0>	<John_Oates>
<John_Oates_1>	<John_Oates_(architect)>
<William_Wagner_0>	<William_Wagner>
<William_Wagner_1>	<Kenny_Wagner>
<Maudslay_0>	<Maudslay_Motor_Company>
<Maudslay_1>	<Henry_Maudslay>
<Maudslay_2>	<Alfred_Maudslay>
<Maudslay_3>	<Maudslay_State_Park>
<Maudslay_4>	<Algernon_Maudslay>
<Concatenation_0>	<Concatenation_(mathematics)>
<Concatenation_1>	<Cat_(Unix)>
<Concatenation_2>	<Concatenated_SMS>
<Endless_Road_0>	<Endless_Road,_7058>
<Endless_Road_1>	<Endless_Road>
<Falkirk_0>	<Falkirk>
<Falkirk_1>	<Falkirk_(UK_Parliament_constituency)>
<Falkirk_2>	<Falkirk_(council_area)>
<Montet_0>	<Les_Montets>
<Montet_1>	<Montet>
<Montet_2>	<Pierre_Montet>
<Montet_3>	<Le_Montet>
<Al_Aqabah_0>	<Aqaba>
<Al_Aqabah_1>	<Aqabah>
<Alabama_Theatre_0>	<Alabama_Theatre>
<Alabama_Theatre_1>	<Alabama_Theatre_(Myrtle_Beach)>
<Alabama_Theatre_2>	<Alabama_Theatre_(Houston)>
<Astrid_0>	<Astrid_(satellite)>
<Astrid_1>	<Astrid_(band)>
<Neverland_0>	<Neverland_(Misono_album)>
<Neverland_1>	<Neverland_(miniseries)>
<Neverland_2>	<Neverland_(U-KISS_album)>
<Neverland_3>	<Neverland_(song)>
<Neverland_4>	<Neverland>
<Neverland_5>	<Neverland_(audio_drama)>
<Neverland_6>	<Neverland_(EP)>
<Neverland_7>	<Neverland_(film)>
<Neverland_8>	<Neverland_(The_Mission_album)>
<Neverland_9>	<Neverland_(Night_Ranger_album)>
<The_Man_Who_Would_Be_King_0>	<The_Man_Who_Would_Be_King_(film)>
<The_Man_Who_Would_Be_King_1>	<The_Man_Who_Would_Be_King>
<Canajoharie_0>	<Canajoharie_(village),_New_York>
<Canajoharie_1>	<Canajoharie_Central_School_District>
<To_Tell_the_Truth_0>	<To_Tell_the_Truth_(Canada)>
<To_Tell_the_Truth_1>	<To_Tell_the_Truth>
<To_Tell_the_Truth_2>	<To_Tell_the_Truth_(The_Outer_Limits)>
<54_0>	<54_(number)>
<54_1>	<54_(film)>
<54_2>	<Studio_54>
<54_3>	<54_(novel)>
<Body_Count_0>	<Body_Count_(1987_film)>
<Body_Count_1>	<Body_Count_(book)>
<Body_Count_2>	<Body_Count_(album)>
<Body_Count_3>	<Body_Count_(1998_film)>
<Body_Count_4>	<Operation_Body_Count>
<The_Man_Outside_0>	<The_Man_Outside_(1967_film)>
<The_Man_Outside_1>	<The_Man_Outside_(1933_film)>
<The_Man_Outside_2>	<The_Man_Outside>
<Headgear_0>	<Headgear_(martial_arts)>
<Headgear_1>	<Headgear_(band)>
<Cilla_0>	<Cilla_(album)>
<Cilla_1>	<Cilla>
<Çandır_0>	<Çandır_Castle>
<Çandır_1>	<Çandır,_Mersin>
<Çandır_2>	<Çandır>
<Çandır_3>	<Çandır,_Kalecik>
<Çandır_4>	<Çandır,_Serik>
<Siena_0>	<Siena_College_of_Quezon_City>
<Siena_1>	<Siena_Catholic_College>
<Siena_2>	<Siena_College>
<Siena_3>	<Siena_Heights_University>
<Walter_Gilbey_0>	<Walter_Gilbey>
<Walter_Gilbey_1>	<Walter_Gilbey_(politician)>
<Black_Stone_0>	<William_Blackstone>
<Black_Stone_1>	<Black_Stone,_Jablanica>
<Black_Stone_2>	<Black_mecca>
<Black_Stone_3>	<Black_Stone>
<Black_Stone_4>	<Black_Stone_(song)>
<Russia_0>	<Russia,_New_York>
<Russia_1>	<Russia_(horse)>
<Russia_2>	<Russia,_Ohio>
<Russia_3>	<Russia>
<Sweden_0>	<Sweden,_New_York>
<Sweden_1>	<Sweden,_Maine>
<Sweden_2>	<Sweden_(album)>
<Sweden_3>	<Sweden>
<Sweden_4>	<Sweden_(European_Parliament_constituency)>
<Gear_0>	<Gear_(comics)>
<Gear_1>	<Gear_(Image_Comics)>
<Gear_2>	<Gear_(magazine)>
<Hollies_0>	<Hollies_(1974_album)>
<Hollies_1>	<The_Hollies>
<Club_Deportivo_Universidad_Católica_0>	<Club_Deportivo_Universidad_Católica>
<Club_Deportivo_Universidad_Católica_1>	<Club_Deportivo_Universidad_Católica_(multi-sports_club)>
<Guangchang_0>	<Guangchang_County>
<Guangchang_1>	<Guangchang_Subdistrict,_Tangshan>
<Mike_0>	<MIKE_Force>
<Mike_1>	<Mike_(cellular_network)>
<West_Island_0>	<West_Island_(South_Australia)>
<West_Island_1>	<West_Island_(Lacepede_Islands)>
<West_Island_2>	<West_Island>
<Passion_play_0>	<A_Passion_Play>
<Passion_play_1>	<Dark_Passion_Play>
<Condorcet_0>	<French_battleship_Condorcet>
<Condorcet_1>	<Sophie_de_Condorcet>
<Condorcet_2>	<Condorcet_(crater)>
<Condorcet_3>	<Marquis_de_Condorcet>
<Condorcet_4>	<Condorcet_criterion>
<Condorcet_5>	<Condorcet_method>
<Condorcet_6>	<Condorcet,_Drôme>
<Condorcet_7>	<Condorcet_loser_criterion>
<Aude_0>	<Aude_(character)>
<Aude_1>	<Jorge_Aude>
<Aude_2>	<Aude_Moreau>
<Aude_3>	<Dave_Audé>
<Aude_4>	<Aude_(river)>
<Aude_5>	<Susan_Audé>
<Aude_6>	<Aude>
<Aude_7>	<Aude,_Estonia>
<Aude_8>	<Erik_Audé>
<Aude_9>	<Rich_Aude>
<Catherine_Howard_0>	<Catherine_Howard,_Countess_of_Suffolk>
<Catherine_Howard_1>	<Catherine_Howard>
<Magill_0>	<Magill>
<Magill_1>	<Magill,_South_Australia>
<O'Reilly_0>	<O'Reilly_Media>
<O'Reilly_1>	<O'Reilly>
<O'Reilly_2>	<O'Reilly_Auto_Parts>
<Kõpu_0>	<Kõpu,_Jõgeva_County>
<Kõpu_1>	<Kõpu,_Pärnu_County>
<Kõpu_2>	<Kõpu,_Hiiu_County>
<Kõpu_3>	<Kõpu>
<Matthew_Fox_0>	<Matthew_Fox_(footballer)>
<Matthew_Fox_1>	<Matt_Fox_(comics)>
<Matthew_Fox_2>	<Matthew_Fox_(author)>
<Matthew_Fox_3>	<Matt_Fox_(baseball)>
<Victory_0>	<Victory_(1940_film)>
<Victory_1>	<Victory_(Do_or_Die_album)>
<Victory_2>	<Victory_(Jedward_album)>
<Victory_3>	<Victory_(1996_film)>
<Victory_4>	<Victory_(1919_film)>
<Victory_5>	<Victory,_Saratoga_County,_New_York>
<Victory_6>	<Victory_(Running_Wild_album)>
<Victory_7>	<Victory_(novel)>
<Victory_8>	<Victory_(Narada_Michael_Walden_album)>
<Victory_9>	<Victory_(volcano)>
<Victory_10>	<Victory_(2013_film)>
<Victory_11>	<Victory,_Minneapolis>
<Victory_12>	<Victory_(Modern_Talking_album)>
<Victory_13>	<Victory_(2009_film)>
<Victory_14>	<Victory_(1928_film)>
<Victory_15>	<Victory_(University_of_Dayton_fight_song)>
<Victory_16>	<Victory_(Unleashed_album)>
<Victory_17>	<Victory,_Cayuga_County,_New_York>
<Victory_18>	<Victory_(The_Jacksons_album)>
<Victory_19>	<Victory,_Vermont>
<Victory_20>	<Victory_(band)>
<Victory_21>	<Victory_(TRE-DART_station)>
<Victory_22>	<Victory_(Puff_Daddy_song)>
<Victory_23>	<Victory,_Wisconsin>
<Victory_24>	<Victory_(pinball)>
<Victory_25>	<Victory_(1938_film)>
<Victory_26>	<Victory_(Pennsylvania_State_University_fight_song)>
<Michael_Wolff_0>	<Michael_Wolff>
<Michael_Wolff_1>	<Michael_Wolff_(journalist)>
<Bahamut_0>	<Bahamut_(album)>
<Bahamut_1>	<Bahamut>
<Rez_0>	<Rez_(song)>
<Rez_1>	<Resident_Evil_Zero>
<Rez_2>	<Řež>
<Rez_3>	<The_Rez>
<Avesnes_0>	<Avesnes>
<Avesnes_1>	<Avesnes-en-Val>
<Avesnes_2>	<Avesnes-le-Comte>
<Avesnes_3>	<Avesnes-en-Bray>
<Avesnes_4>	<Avesnes-sur-Helpe>
<Avesnes_5>	<Arrondissement_of_Avesnes-sur-Helpe>
<Avesnes_6>	<Avesnes-lès-Bapaume>
<Avesnes_7>	<Avesnes-Chaussoy>
<Avesnes_8>	<Avesnes-les-Aubert>
<Avesnes_9>	<Avesnes-le-Sec>
<Avesnes_10>	<Avesnes-en-Saosnois>
<The_Barber_0>	<The_Barber>
<The_Barber_1>	<The_Barber_(short_story)>
<The_Barber_2>	<The_Barber_(Seinfeld)>
<Arpaçay_0>	<Arpaçay>
<Arpaçay_1>	<Arpaçay,_Azerbaijan>
<Backspacer_0>	<Backspacer_Tour>
<Backspacer_1>	<Backspacer_(Supergroove_album)>
<Moai_0>	<Moai>
<Moai_1>	<Moai_(seamount)>
<Starting_Out_0>	<Starting_Out_(UK_TV_series)>
<Starting_Out_1>	<Starting_Out>
<Fordham_Road_0>	<Fordham_Road_(IND_Concourse_Line)>
<Fordham_Road_1>	<Fordham_Road>
<Fordham_Road_2>	<Fordham_Road_(IRT_Jerome_Avenue_Line)>
<Occident_0>	<Occident_(film)>
<Occident_1>	<Occident_(movement)>
<Burning_bush_0>	<Euonymus_atropurpureus>
<Burning_bush_1>	<Dictamnus>
<Burning_bush_2>	<Euonymus_occidentalis>
<Burning_bush_3>	<Burning_Bush_(mini-series)>
<Burning_bush_4>	<Burning_Bush_Colony>
<Burning_bush_5>	<Euonymus>
<Burning_bush_6>	<Euonymus_alatus>
<Burning_bush_7>	<Combretum_paniculatum>
<Ryman_0>	<Rymań>
<Ryman_1>	<Ryman>
<These_Foolish_Things_0>	<These_Foolish_Things_(Remind_Me_of_You)>
<These_Foolish_Things_1>	<These_Foolish_Things_(film)>
<These_Foolish_Things_2>	<These_Foolish_Things_(album)>
<Beak_0>	<Beak_Island>
<Beak_1>	<Beak_(band)>
<Beak_2>	<Barnell_Bohusk>
<Beak_3>	<Beakhead>
<Roger_Corbet_0>	<Roger_Corbet_(died_1430)>
<Roger_Corbet_1>	<Roger_Corbet_(died_1395)>
<Roger_Corbet_2>	<Roger_Corbet>
<Brian_Simmons_0>	<Brian_Simmons_(baseball)>
<Brian_Simmons_1>	<Brian_Simmons>
<Brian_Simmons_2>	<Brian_Simmons_(Canadian_football)>
<Punch_bowl_0>	<Punch_Bowl_Falls>
<Punch_bowl_1>	<Old_Punch_Bowl>
<Punch_bowl_2>	<Pennsylvania_Punch_Bowl>
<Punch_bowl_3>	<The_Punch_Bowl,_Mayfair>
<Big_Ben_0>	<Big_Ben_(Heard_Island)>
<Big_Ben_1>	<Big_Ben_(comics)>
<Big_Ben_2>	<Big_Ben_(album)>
<Big_Ben_3>	<Big_Ben_(solitaire)>
<Big_Ben_4>	<Big_Ben>
<Briseis_0>	<Briseis_(British_horse)>
<Briseis_1>	<Briseis>
<Briseis_2>	<Briséïs>
<Briseis_3>	<Briseis_(Australian_horse)>
<D'Arenberg_0>	<Auguste-Louis-Albéric,_prince_d'Arenberg>
<D'Arenberg_1>	<Philippe_Charles_d'Arenberg>
<Abby_0>	<Abby_(TV_series)>
<Abby_1>	<Abby_(film)>
<Fernando_Pereira_0>	<Wallace_Fernando_Pereira>
<Fernando_Pereira_1>	<Fernando_Pereira_(major)>
<Fernando_Pereira_2>	<Fernando_Pereira>
<The_Elephant_Man_0>	<The_Elephant_Man_(play)>
<The_Elephant_Man_1>	<Gyles_Mackrell>
<The_Elephant_Man_2>	<Elephant_Man_(musician)>
<The_Elephant_Man_3>	<Joseph_Merrick>
<The_Elephant_Man_4>	<The_Elephant_Man_(film)>
<The_Elephant_Man_5>	<Huang_Chuncai>
<The_Elephant_Man_6>	<Elephantmen>
<Changi_0>	<Changi,_Iran>
<Changi_1>	<Changi>
<Kobylice_0>	<Kobylice,_Lower_Silesian_Voivodeship>
<Kobylice_1>	<Kobylice,_Opole_Voivodeship>
<Science_Ninja_Team_Gatchaman_0>	<Battle_of_the_Planets>
<Science_Ninja_Team_Gatchaman_1>	<Eagle_Riders>
<Science_Ninja_Team_Gatchaman_2>	<Gatchaman_Fighter>
<Science_Ninja_Team_Gatchaman_3>	<Science_Ninja_Team_Gatchaman>
<Science_Ninja_Team_Gatchaman_4>	<Gatchaman_II>
<Ridge_0>	<Ridge_(differential_geometry)>
<Ridge_1>	<Ridge,_Hertfordshire>
<Ridge_2>	<Ridge,_Lafayette_Parish,_Louisiana>
<Ridge_3>	<Ridge,_Dorset>
<Ridge_4>	<Ridge,_California>
<Ridge_5>	<Ridge,_New_York>
<Timberyard_0>	<Timberyard_Records>
<Timberyard_1>	<Lumber_yard>
<Stargazing_0>	<Stargazing_(Leon_Jackson_song)>
<Stargazing_1>	<Stargazing_(album)>
<John_Shirley_0>	<John_Shirley>
<John_Shirley_1>	<John_Shirley_(footballer)>
<Jeopardy_0>	<Jeopardy_(song)>
<Jeopardy_1>	<Jeopardy_(film)>
<Jeopardy_2>	<Jeopardy_(album)>
<Jeopardy_3>	<Jeopardy_(TV_series)>
<Jeopardy_4>	<Jeopardy!>
<HVV_0>	<Hopewell_Valley_Vineyards>
<HVV_1>	<HVV_Den_Haag>
<HVV_2>	<Hamburger_Verkehrsverbund>
<Air_force_0>	<Airforce_Airguns>
<Air_force_1>	<Air_Force_Falcons>
<Air_force_2>	<Air_Force_(film)>
<Air_force_3>	<Royal_Cambodian_Air_Force_FC>
<Air_force_4>	<Airforce_(TV_series)>
<Air_force_5>	<Al-Quwa_Al-Jawiya>
<Interiors_0>	<Interiors>
<Interiors_1>	<Interiors_(Brad_album)>
<Interiors_2>	<Interiors_(Ativin_album)>
<Interiors_3>	<Interiors_(Rosanne_Cash_album)>
<Interiors_4>	<Interiors_(compilation_album)>
<Parikrama_0>	<Parikrama>
<Parikrama_1>	<Parikrama_(band)>
<Ecology_0>	<Ecology_(journal)>
<Ecology_1>	<Ecology_(album)>
<Yazdanabad_0>	<Yazdanabad,_North_Khorasan>
<Yazdanabad_1>	<Yazdanabad-e_Sofla>
<Yazdanabad_2>	<Yazdanabad,_Semnan>
<Yazdanabad_3>	<Yazdanabad,_Mazandaran>
<Yazdanabad_4>	<Yazdanabad_Rural_District>
<Yazdanabad_5>	<Yazdanabad_District>
<Yazdanabad_6>	<Yazdanabad,_Kerman>
<Yazdanabad_7>	<Yazdanabad-e_Sharqi>
<Yazdanabad_8>	<Yazdanabad-e_Olya>
<Amok_0>	<Amok_(1983_film)>
<Amok_1>	<Amok_(Sentenced_album)>
<Amok_2>	<Amok_(1934_film)>
<Amok_3>	<Amok_(Atoms_for_Peace_album)>
<Amok_4>	<Amok_(novella)>
<Amok_5>	<Amok_(video_game)>
<Amok_6>	<Amok_(dish)>
<Amok_7>	<Amok_(comics)>
<Paint_0>	<Paint_(band)>
<Paint_1>	<Paint,_Pennsylvania>
<Rapa_Nui_0>	<Rapa_Nui_people>
<Rapa_Nui_1>	<Rapa-Nui_(film)>
<Rapa_Nui_2>	<Easter_Island>
<Rapa_Nui_3>	<Rapanui_Rock>
<Rapa_Nui_4>	<Rapa_Nui_National_Park>
<Rapa_Nui_5>	<Rapa_Nui_language>
<Rapa_Nui_6>	<CF_Rapa_Nui>
<Brigade_0>	<Brigade_(band)>
<Brigade_1>	<Brigade_(comics)>
<Brigade_2>	<Brigade_(album)>
<Lord_Harris_0>	<George_Harris,_4th_Baron_Harris>
<Lord_Harris_1>	<Ralph_Harris,_Baron_Harris_of_High_Cross>
<Lord_Harris_2>	<George_Harris,_3rd_Baron_Harris>
<Lord_Harris_3>	<John_Harris,_Baron_Harris_of_Greenwich>
<Lord_Harris_4>	<George_Harris,_1st_Baron_Harris>
<Lord_Harris_5>	<Philip_Harris,_Baron_Harris_of_Peckham>
<Lord_Harris_6>	<Toby_Harris,_Baron_Harris_of_Haringey>
<Lord_Harris_7>	<William_Harris,_2nd_Baron_Harris>
<People_Get_Ready_0>	<People_Get_Ready_(The_Impressions_album)>
<People_Get_Ready_1>	<People_Get_Ready>
<People_Get_Ready_2>	<People_Get_Ready_(The_Mooney_Suzuki_album)>
<Black_panther_0>	<The_Black_Panther_(1977_film)>
<Black_panther_1>	<K2_Black_Panther>
<Black_panther_2>	<Black_panther_(symbol)>
<Black_panther_3>	<Black_Panther_Party>
<Black_panther_4>	<Eusébio>
<Black_panther_5>	<Black_Panther_(comics)>
<Black_panther_6>	<The_Black_Panther_(1921_film)>
<Black_panther_7>	<Black_Panther_(TV_series)>
<Black_panther_8>	<761st_Tank_Battalion_(United_States)>
<Just_William_0>	<Just_William>
<Just_William_1>	<Just_William_(1990s_TV_series)>
<Just_William_2>	<Just_William_(1970s_TV_series)>
<Just_William_3>	<Just_William_(2010_TV_series)>
<McKinnon_0>	<McKinnon,_Tennessee>
<McKinnon_1>	<McKinnon,_Victoria>
<McKinnon_2>	<McKinnon,_Wyoming>
<Communist_Party_of_Canada_0>	<Communist_Party_of_Canada_(Manitoba)>
<Communist_Party_of_Canada_1>	<Communist_Party_of_Canada>
<Communist_Party_of_Canada_2>	<Communist_Party_of_Canada_(Marxist–Leninist)>
<Communist_Party_of_Canada_3>	<Communist_Party_of_Canada_(Saskatchewan)>
<Communist_Party_of_Canada_4>	<Communist_Party_of_Canada_(Marxist–Leninist)_(Manitoba)>
<Naulochus_0>	<Obzor>
<Naulochus_1>	<Battle_of_Naulochus>
<Naulochus_2>	<Naulochus>
<Spoke_0>	<Spoke_(album)>
<Spoke_1>	<Spokes_Canterbury>
<Spoke_2>	<Spokes,_the_Lothian_Cycle_Campaign>
<Friday_the_13th_0>	<Friday_the_13th_(1980_film)>
<Friday_the_13th_1>	<Friday_the_13th_(franchise)>
<Friday_the_13th_2>	<Friday_the_13th>
<Friday_the_13th_3>	<Friday_the_13th_(2009_film)>
<Liam_0>	<Liam_(film)>
<Liam_1>	<Liam>
<Javadiyeh_0>	<Javadiyeh,_South_Khorasan>
<Javadiyeh_1>	<Javadiyeh_ol_Hiyeh>
<Javadiyeh_2>	<Javadiyeh>
<Javadiyeh_3>	<Javadieh,_Shiraz>
<Javadiyeh_4>	<Javadiyeh,_Markazi>
<Javadiyeh_5>	<Javadiyeh-ye_Mortazavi>
<Javadiyeh_6>	<Javadiyeh,_Nishapur>
<Javadiyeh_7>	<Javadiyeh,_Arsanjan>
<Javadiyeh_8>	<Javadiyeh,_Torbat-e_Heydarieh>
<Langley_Hall_0>	<Langley_Hall>
<Langley_Hall_1>	<Langley_Hall,_West_Midlands>
<Langley_Hall_2>	<Langley_Hall,_Cheshire>
<The_Game_of_Life_0>	<Jinsei_Game>
<The_Game_of_Life_1>	<The_Game_of_Life>
<The_Game_of_Life_2>	<The_Game_of_Life_(album)>
<The_Game_of_Life_3>	<The_Game_of_Life_(book)>
<The_Game_of_Life_4>	<The_Game_of_Life_(game_show)>
<Čitluk_0>	<Čitluk,_Kruševac>
<Čitluk_1>	<Čitluk_(Priboj)>
<Čitluk_2>	<Čitluk,_Sinj>
<Pterodactyl_0>	<Pterodactylus>
<Pterodactyl_1>	<Pterodactyl_(film)>
<College_0>	<College_(1927_film)>
<College_1>	<College_(1984_film)>
<College_2>	<College,_Alaska>
<College_3>	<College_(30_Rock)>
<College_4>	<College_(Preston_ward)>
<College_5>	<College_(The_Sopranos)>
<College_6>	<College_(2008_film)>
<College_7>	<College_(TTC)>
<Michałowo_0>	<Michałowo,_Włocławek_County>
<Michałowo_1>	<Michałowo,_Słupca_County>
<Michałowo_2>	<Michałowo,_Malbork_County>
<Michałowo_3>	<Michałowo,_Środa_Wielkopolska_County>
<Michałowo_4>	<Michałowo,_Płońsk_County>
<Michałowo_5>	<Michałowo,_Gostyń_County>
<Michałowo_6>	<Michałowo,_Warmian-Masurian_Voivodeship>
<Michałowo_7>	<Michałowo,_Gmina_Goworowo>
<Michałowo_8>	<Michałowo,_Słupsk_County>
<Michałowo_9>	<Michałowo,_Aleksandrów_County>
<Michałowo_10>	<Michałowo,_Gmina_Czarnia>
<Michałowo_11>	<Michałowo>
<Michałowo_12>	<Michałowo,_Lipno_County>
<Mildred_Pierce_0>	<Mildred_Pierce>
<Mildred_Pierce_1>	<Mildred_Pierce_(film)>
<Orahovica_0>	<Orahovica_(Lukavac)>
<Orahovica_1>	<Orahovica_(Hadžići)>
<Orahovica_2>	<Orahovica_(Srebrenica)>
<Orahovica_3>	<Orahovica_(Konjic)>
<Kate_Lee_0>	<Kate_Lee_(musician)>
<Kate_Lee_1>	<Kate_Lee>
<Seven_Wishes_0>	<Seven_Wishes_(TV_series)>
<Seven_Wishes_1>	<Seven_Wishes>
<Stahlberg_0>	<Stahlberg_Models>
<Stahlberg_1>	<Karl_Emil_Ståhlberg>
<Stahlberg_2>	<Gideon_Ståhlberg>
<Stahlberg_3>	<Stahlberg>
<Stahlberg_4>	<Kaarlo_Juho_Ståhlberg>
<Stahlberg_5>	<Reijo_Ståhlberg>
<Kilsyth_0>	<Kilsyth,_Victoria>
<Kilsyth_1>	<Kilsyth,_West_Virginia>
<Kilsyth_2>	<Kilsyth,_Ontario>
<Kilsyth_3>	<Kilsyth>
<Donald_Trump_0>	<Donald_Trump_(song)>
<Donald_Trump_1>	<Donald_Trump's_Real_Estate_Tycoon>
<Donald_Trump_2>	<Donald_Trump>
<William_Kaye_0>	<William_Kaye>
<William_Kaye_1>	<William_Kaye_(priest)>
<Athlone_0>	<Athlone_Pursuivant>
<Athlone_1>	<Athlone_(UK_Parliament_constituency)>
<Athlone_2>	<Athlone>
<Athlone_3>	<Athlone_(Parliament_of_Ireland_constituency)>
<Athlone_4>	<Athlone,_California>
<Athlone_5>	<Athlone_Castle>
<Athlone_6>	<Athlone,_Cape_Town>
<Athlone_7>	<Athlone,_Edmonton>
<Athlone_8>	<Earl_of_Athlone>
<Embassy_Row_0>	<Embassy_Row>
<Embassy_Row_1>	<Embassy_Row,_Ottawa>
<Embassy_Row_2>	<Embassy_Row_(production_company)>
<Headphones_0>	<Headphones_(album)>
<Headphones_1>	<Headphones_(band)>
<Headphones_2>	<Headphones_(song)>
<Headphones_3>	<Headphones>
<John_Craven_0>	<John_Craven,_1st_Baron_Craven_of_Ryton>
<John_Craven_1>	<John_Craven_(actor)>
<John_Craven_2>	<John_Chester_Craven>
<John_Craven_3>	<John_Craven_(businessman)>
<John_Craven_4>	<John_Craven_(economist)>
<John_Craven_5>	<John_Craven>
<John_Craven_6>	<John_Craven_(footballer)>
<AJS_0>	<American_Journal_of_Sociology>
<AJS_1>	<AJS_Review>
<AJS_2>	<Americans_for_Job_Security>
<AJS_3>	<Association_for_a_More_Just_Society>
<AJS_4>	<AJS>
<Northeastern_University_0>	<Northeastern_University_(China)>
<Northeastern_University_1>	<Northeastern_University>
<Northeastern_University_2>	<Northeastern_University_(MBTA_station)>
<Tambourine_0>	<Tambourine_(band)>
<Tambourine_1>	<Tambourine_(song)>
<Jumble_0>	<Jumble_(cookie)>
<Jumble_1>	<Jumble_(game_show)>
<Jumble_2>	<Jumble_(TV_series)>
<John_Dryden_0>	<John_Dryden>
<John_Dryden_1>	<John_Dryden_Kuser>
<John_Dryden_2>	<John_Dryden_(footballer)>
<John_Dryden_3>	<John_Dryden_(MLA)>
<Edenton_0>	<Edenton,_North_Carolina>
<Edenton_1>	<Edenton,_Ohio>
<Surrey_0>	<Surrey>
<Surrey_1>	<Surrey,_North_Dakota>
<Surrey_2>	<Surrey,_British_Columbia>
<Surrey_3>	<Surrey_(carriage)>
<John_Hancock_0>	<John_Hancock_(ornithologist)>
<John_Hancock_1>	<John_Hancock>
<John_Hancock_2>	<John_Hancock_(actor)>
<John_Hancock_3>	<John_Hancock_(Texas_politician)>
<Lark_0>	<Lark,_Wisconsin>
<Lark_1>	<Lark_(cigarette)>
<Lark_2>	<Lark_(dinghy)>
<Lark_3>	<Lark_(band)>
<Lark_4>	<Lark,_Utah>
<Lark_5>	<Lark_(album)>
<Massa_0>	<Massa_(Tanzanian_ward)>
<Massa_1>	<Massa_(gorilla)>
<Massa_2>	<Massa>
<Massa_3>	<Massa,_Morocco>
<Dingle_0>	<Dingle,_Liverpool>
<Dingle_1>	<Dingle_Road_railway_station>
<Dingle_2>	<Dingle,_Iloilo>
<Dingle_3>	<Sir_Sandford_Fleming_Park>
<Dingle_4>	<Dingle_Lake>
<Dingle_5>	<Dingle,_Sweden>
<Dingle_6>	<Dingle_Peninsula>
<Dingle_7>	<Dingle,_Idaho>
<Abdul_Muttalib_0>	<Abdul-Muttalib>
<Abdul_Muttalib_1>	<Al-‘Abbas_ibn_‘Abd_al-Muttalib>
<Abdul_Muttalib_2>	<Az-Zubayr_ibn_‘Abd_al-Muttalib>
<Abdul_Muttalib_3>	<Abdullah_ibn_Abdul-Muttalib>
<Abdul_Muttalib_4>	<Safiyyah_bint_‘Abd_al-Muttalib>
<William_Carlin_0>	<William_Carlin>
<William_Carlin_1>	<Willie_Carlin>
<Hampshire_0>	<Hampshire,_West_Virginia>
<Hampshire_1>	<Hampshire>
<Hampshire_2>	<Hampshire,_Tennessee>
<Hampshire_3>	<Hampshire,_Illinois>
<Asana_0>	<Asana-Math>
<Asana_1>	<Asana_(software)>
<Asana_2>	<Esfenvalerate>
<Plumber_0>	<Plumber_(program)>
<Plumber_1>	<White_House_Plumbers>
<Hilden_0>	<Hilden,_Nova_Scotia>
<Hilden_1>	<Hilden>
<Transistor_0>	<Transistor_(video_game)>
<Transistor_1>	<Transistor_(song)>
<Transistor_2>	<Transistor_(TNT_album)>
<Adrenaline_0>	<Adrenaline_(film)>
<Adrenaline_1>	<Adrenaline_(album)>
<Adrenaline_2>	<Adrenaline_(novel)>
<Adamson_0>	<Adamson>
<Adamson_1>	<Adamson_University>
<Adamson_2>	<Adamson,_Oklahoma>
<The_Nearness_of_You_0>	<The_Nearness_of_You_(Red_Garland_album)>
<The_Nearness_of_You_1>	<The_Nearness_of_You>
<The_Nearness_of_You_2>	<The_Nearness_of_You_(Helen_Merrill_album)>
<La_bohème_0>	<La_bohème_(Leoncavallo)>
<La_bohème_1>	<La_bohème>
<La_bohème_2>	<La_Vie_de_Bohème_(1945_film)>
<La_bohème_3>	<La_Bohème_(1926_film)>
<La_bohème_4>	<Labo_M>
<La_bohème_5>	<La_Bohème_(Charles_Aznavour_song)>
<La_bohème_6>	<La_Bohème_(1916_film)>
<La_bohème_7>	<La_Bohème_(1965_film)>
<La_bohème_8>	<Boheme_(album)>
<Fort_Williams_0>	<Fort_Williams_(Maine)>
<Fort_Williams_1>	<Fort_Williams_Park>
<Fort_Williams_2>	<Fort_Williams_(Alabama)>
<Fort_Williams_3>	<Fort_Williams_(Virginia)>
<Clark_Field_0>	<Clark_Field_(1887)>
<Clark_Field_1>	<Clark_Air_Base>
<Benin_0>	<Benin>
<Benin_1>	<Benin_Bronzes>
<Harry_Hooper_0>	<Harry_Hooper_(footballer,_born_1910)>
<Harry_Hooper_1>	<Harry_Hooper>
<Harry_Hooper_2>	<Harry_Hooper_(footballer,_born_1900)>
<Harry_Hooper_3>	<Harry_Hooper_(footballer,_born_1933)>
<KML_0>	<Korvpalli_Meistriliiga>
<KML_1>	<Keyhole_Markup_Language>
<Alfred_Roberts_0>	<Alfred_Roberts>
<Alfred_Roberts_1>	<Alf_Roberts>
<East_Street_0>	<East_Street_(Children_in_Need)>
<East_Street_1>	<East_Street_(CDOT_station)>
<Richard_Osborne_0>	<Richard_Osborne>
<Richard_Osborne_1>	<Richard_Osborne_(rugby_union)>
<Richard_Osborne_2>	<Richard_Osborne_(American_football)>
<Richard_Osborne_3>	<Richard_Osborne_(singer)>
<Primate_0>	<Primate_(bishop)>
<Primate_1>	<Primates_(journal)>
<Primate_2>	<Primate's_Palace>
<Zend_0>	<Zend_Server>
<Zend_1>	<Zend_Engine>
<Zend_2>	<Zend_Studio>
<Zend_3>	<Zend_Framework>
<Zend_4>	<Zend>
<Dunfermline_0>	<Dunfermline>
<Dunfermline_1>	<Dunfermline_(horse)>
<Dunfermline_2>	<Dunfermline_(Scottish_Parliament_constituency)>
<ALY_0>	<Allegheny_Railroad>
<ALY_1>	<Allahabad>
<Battleship_0>	<Battleship_(film)>
<Battleship_1>	<Battleship,_West_Virginia>
<Battleship_2>	<Battleship_(rocketry)>
<Battleship_3>	<Battleship_(puzzle)>
<Battleship_4>	<Battleship_(horse)>
<Battleship_5>	<Battleship_(2012_video_game)>
<Battleship_6>	<Battleship_(1993_video_game)>
<Nunzio_0>	<Nunzio_Ferraiuoli>
<Nunzio_1>	<Joseph_Nunzio_Latino>
<Nunzio_2>	<James_Maritato>
<Nunzio_3>	<Nick_Discepola>
<Nunzio_4>	<Nunzio_Provenzano>
<Nunzio_5>	<Nunzio_DeFilippis>
<Nunzio_6>	<Sacred_Silence>
<Nunzio_7>	<Gregory_Corso>
<Afternoon_Delight_0>	<Afternoon_Delight_(TV_series)>
<Afternoon_Delight_1>	<Afternoon_Delight>
<Afternoon_Delight_2>	<Afternoon_Delight_(film)>
<Gedo_0>	<Mohamed_Nagy>
<Gedo_1>	<Gedo>
<Jane_Hamilton_0>	<Veronica_Hart>
<Jane_Hamilton_1>	<Jane_Eaton_Hamilton>
<Jane_Hamilton_2>	<Jane_Soley_Hamilton>
<Lave_0>	<Lave_Winham>
<Lave_1>	<Lave_Cross>
<Lave_2>	<Jean_Lave>
<Eastland_0>	<Eastland_Shopping_Centre>
<Eastland_1>	<Eastland_(Charlotte_neighborhood)>
<Eastland_2>	<James_Eastland>
<Eastland_3>	<Eastland,_Texas>
<Eastland_4>	<Eastland,_Lexington>
<Eastland_5>	<Eastland_County,_Texas>
<Copa_America_0>	<Copa_America_(indoor)>
<Copa_America_1>	<Copa_América>
<Richard_Manning_0>	<Rich_Manning>
<Richard_Manning_1>	<Richard_Manning>
<Richard_Manning_2>	<Rick_Manning>
<Richard_Manning_3>	<Richard_Irvine_Manning_I>
<Richard_Manning_4>	<Richard_Irvine_Manning_III>
<Richard_Manning_5>	<Richard_Manning_Jefferies>
<Richard_Manning_6>	<Brennan_Manning>
<Assiniboine_0>	<Assiniboine_River>
<Assiniboine_1>	<Winnipeg—Assiniboine>
<Assiniboine_2>	<Fort_Assinniboine>
<Assiniboine_3>	<Assiniboine>
<Assiniboine_4>	<Assiniboine_Herald>
<Assiniboine_5>	<Mount_Assiniboine>
<Melodrama_0>	<Melodrama_(Joel_Kroeker_album)>
<Melodrama_1>	<Melodrama_(Vibe_Tribe_album)>
<Legion_of_Mary_0>	<Legion_of_Mary_(band)>
<Legion_of_Mary_1>	<Legion_of_Mary>
<Air_0>	<Air_(Cecil_Taylor_album)>
<Air_1>	<Air_(music)>
<Air_2>	<Air_(Maillol)>
<Air_3>	<Air_(free_jazz_trio)>
<Air_4>	<Air_(visual_novel)>
<Air_5>	<Air_(comics)>
<Air_6>	<Air_(Stargate_Universe)>
<Air_7>	<Air_(French_band)>
<Air_8>	<Air_(novel)>
<Air_9>	<Air_(classical_element)>
<Air_10>	<Air_(Tyson_Ritter_song)>
<Air_11>	<Air_(Agua_de_Annique_album)>
<When_Will_I_See_You_Again_0>	<When_Will_I_See_You_Again_(Thomas_Anders_album)>
<When_Will_I_See_You_Again_1>	<When_Will_I_See_You_Again_(Johnny_Mathis_album)>
<When_Will_I_See_You_Again_2>	<When_Will_I_See_You_Again>
<Gordon_Campbell_0>	<Gordon_Campbell>
<Gordon_Campbell_1>	<Gordon_Campbell_(Royal_Navy_officer)>
<Gordon_Campbell_2>	<Gordon_Peter_Campbell>
<Gordon_Campbell_3>	<Gordon_Campbell_(cricketer)>
<Gordon_Campbell_4>	<Gordon_Campbell,_Baron_Campbell_of_Croy>
<Ice_storm_0>	<The_Ice_Storm>
<Ice_storm_1>	<The_Ice_Storm_(film)>
<Ice_storm_2>	<The_Ice_Storm_(soundtrack)>
<Ice_storm_3>	<Ice_storm_warning>
<Jared_0>	<Jared>
<Jared_1>	<Jared_(biblical_figure)>
<Falcons_0>	<Falcons_(film)>
<Falcons_1>	<Falcons_(rugby_team)>
<Ocean_Star_0>	<Ocean_Star_(schooner)>
<Ocean_Star_1>	<Ocean_Star>
<Whoopi_0>	<Whoopi>
<Whoopi_1>	<Wake_Up_with_Whoopi>
<Behemoth_0>	<Behemoth_(roller_coaster)>
<Behemoth_1>	<Behemoth_(band)>
<Powerglide_0>	<Powerglide>
<Powerglide_1>	<Powerglide_(album)>
<Powerglide_2>	<Powerglide_(Transformers)>
<William_Buckland_0>	<William_Buckland>
<William_Buckland_1>	<William_Buckland_(architect)>
<Belfast_0>	<Belfast_(Northern_Ireland_Parliament_constituencies)>
<Belfast_1>	<Belfast,_Mpumalanga>
<Belfast_2>	<Belfast,_New_York>
<Belfast_3>	<Belfast,_Maine>
<Belfast_4>	<Belfast_(Parliament_of_Ireland_constituency)>
<Belfast_5>	<Belfast,_Tennessee>
<Belfast_6>	<Belfast,_Pennsylvania>
<Belfast_7>	<Belfast>
<Belfast_8>	<Belfast_(Elton_John_song)>
<Belfast_9>	<Belfast_(album)>
<Belfast_10>	<Belfast,_Prince_Edward_Island>
<Belfast_11>	<Belfast,_California>
<Belfast_12>	<Belfast_(UK_Parliament_constituency)>
<Ad_hoc_0>	<Ad_Hoc_(restaurant)>
<Ad_hoc_1>	<Wireless_ad_hoc_network>
<Ad_hoc_2>	<ADHOC>
<Ad_hoc_3>	<Ad_hoc_hypothesis>
<Longshanks_0>	<Edward_I_of_England>
<Longshanks_1>	<Longshanks_(band)>
<Nepal_0>	<Nepal_(band)>
<Nepal_1>	<Nepal>
<WIQI_0>	<WMTX>
<WIQI_1>	<WKQX_(FM)>
<WIQI_2>	<WIQI>
<Quintal_0>	<Stéphane_Quintal>
<Quintal_1>	<Quintal,_Haute-Savoie>
<I_Kissed_a_Girl_0>	<I_Kissed_a_Girl>
<I_Kissed_a_Girl_1>	<I_Kissed_a_Girl_(Glee)>
<Ladik_0>	<Ladik>
<Ladik_1>	<Denizli>
<$_0>	<$_(film)>
<$_1>	<$_(Mark_Sultan_album)>
<Charisma_0>	<Charisma_(film)>
<Charisma_1>	<Charisma_(album)>
<Charisma_2>	<Charisma_(magazine)>
<Charisma_3>	<Charisma_(horse)>
<Wolfhound_0>	<M38_Wolfhound>
<Wolfhound_1>	<Boston_Irish_Wolfhounds>
<Wolfhound_2>	<Limavady_GAC>
<Wolfhound_3>	<Wolfhound_(1991_film)>
<Wolfhound_4>	<The_Wolfhounds>
<Wolfhound_5>	<Ireland_national_rugby_league_team>
<Wolfhound_6>	<Ireland_Wolfhounds>
<Wolfhound_7>	<Wolfhound_(2006_film)>
<High_ground_0>	<High_Ground_(film)>
<High_ground_1>	<The_High_Ground>
<High_ground_2>	<Moral_high_ground>
<Grey_Gardens_0>	<Grey_Gardens_(estate)>
<Grey_Gardens_1>	<Grey_Gardens_(2009_film)>
<Grey_Gardens_2>	<Grey_Gardens_(musical)>
<Grey_Gardens_3>	<Grey_Gardens>
<Koidu_0>	<Koidu,_Saare_County>
<Koidu_1>	<Koidutown-Sefadu>
<Koidu_2>	<Koidu,_Lääne_County>
<Koidu_3>	<Koidu,_Harju_County>
<Cormorant_0>	<Lockheed_Martin_Cormorant>
<Cormorant_1>	<Cormorant_oilfield>
<Cormorant_2>	<Cormorant_(band)>
<Cormorant_3>	<Cormorant,_Manitoba>
<Assiniboia_0>	<Assiniboia_(electoral_district)>
<Assiniboia_1>	<Assiniboia_(provincial_electoral_district)>
<Assiniboia_2>	<Assiniboia,_Saskatchewan>
<Assiniboia_3>	<Assiniboia>
<Randy_West_0>	<Randy_West_(photographer)>
<Randy_West_1>	<Randy_West>
<Fahrenheit_0>	<Fahrenheit_(Thai_band)>
<Fahrenheit_1>	<Fahrenheit_(Toto_album)>
<Fahrenheit_2>	<Fahrenheit_(comics)>
<Fahrenheit_3>	<Fahrenheit_(Fahrenheit_album)>
<Fahrenheit_4>	<Fahrenheit_(roller_coaster)>
<Fahrenheit_5>	<Fahrenheit_(2005_video_game)>
<Fahrenheit_6>	<Fahrenheit_(Taiwanese_band)>
<Fahrenheit_7>	<Fahrenheit_(Chilean_band)>
<Fahrenheit_8>	<Fahrenheit>
<Fahrenheit_9>	<Fahrenheit_(perfume)>
<John_McDonnell_0>	<John_McDonnell_(coach)>
<John_McDonnell_1>	<Johnny_McDonnell>
<John_McDonnell_2>	<John_McDonnell_(producer)>
<John_McDonnell_3>	<John_McDonnell_(footballer)>
<Blackbuck_0>	<Royal_Regiment_of_Fusiliers>
<Blackbuck_1>	<Operation_Black_Buck>
<Street_Love_0>	<Street_Love_(song)>
<Street_Love_1>	<Street_Love>
<Nicholas_Sparks_0>	<Nicholas_Sparks_(politician)>
<Nicholas_Sparks_1>	<Nicholas_Sparks>
<Thor's_Hammer_0>	<Thor's_Hammer_(band)>
<Thor's_Hammer_1>	<Thor's_Hammer_(Tusenfryd)>
<Thor's_Hammer_2>	<Mjölnir>
<Thor's_Hammer_3>	<Hammer_of_Thor_(monument)>
<Thor's_Hammer_4>	<Thor's_Hammer_(novel)>
<Ann_Burton_0>	<Ann_Burton>
<Ann_Burton_1>	<Ann_Furedi>
<Pak_Song-chol_0>	<Pak_Song-chol_(athlete)>
<Pak_Song-chol_1>	<Pak_Song-chol>
<Siege_of_Nicaea_0>	<Siege_of_Nicaea_(1113)>
<Siege_of_Nicaea_1>	<Siege_of_Nicaea_(727)>
<Accident_0>	<Accident_(2012_film)>
<Accident_1>	<Accident_(1985_film)>
<Accident_2>	<Accident_(1976_film)>
<Accident_3>	<Accident_(1928_film)>
<Accident_4>	<Accident_(philosophy)>
<Accident_5>	<Accident_(1967_film)>
<Accident_6>	<Accident,_Maryland>
<Accident_7>	<Accident_(2009_film)>
<Accident_8>	<Accident_(novel)>
<Accident_9>	<Accident_(2008_film)>
<Accident_10>	<Accident_(fallacy)>
<Belek_0>	<Bełek>
<Belek_1>	<Belek>
<3T_0>	<3T>
<3T_1>	<Turan_Air>
<3T_2>	<3T_Cycling>
<Sulpicia_0>	<Sulpicia_(wife_of_Lentulus_Cruscellio)>
<Sulpicia_1>	<Sulpicia_(gens)>
<Sulpicia_2>	<Sulpicia>
<Surfboard_0>	<Surface_Transportation_Board>
<Surfboard_1>	<Cody_Simpson>
<Suter_0>	<Suter_(computer_program)>
<Suter_1>	<Suter,_West_Virginia>
<Habo_0>	<Habo>
<Habo_1>	<Habo_Municipality>
<Habo_2>	<Habonim_Dror>
<Dumbo_0>	<Dumbo>
<Dumbo_1>	<Dumbo,_Brooklyn>
<Dumbo_2>	<Dumbo_the_Flying_Elephant>
<Dumbo_3>	<SS_Dumbo>
<Białobrzegi_0>	<Białobrzegi,_Zamość_County>
<Białobrzegi_1>	<Białobrzegi,_Lubartów_County>
<Białobrzegi_2>	<Białobrzegi,_Płock_County>
<Białobrzegi_3>	<Białobrzegi,_Lipsko_County>
<Białobrzegi_4>	<Białobrzegi>
<Białobrzegi_5>	<Białobrzegi,_Sokołów_County>
<Białobrzegi_6>	<Białobrzegi,_Podlaskie_Voivodeship>
<Białobrzegi_7>	<Białobrzegi,_Legionowo_County>
<Skinny_dip_0>	<The_Skinny_Dip>
<Skinny_dip_1>	<Skinny_Dip_(novel)>
<Cacique_0>	<Cacique_(rum)>
<Cacique_1>	<Cacique_(horse)>
<Cacique_2>	<Cacique,_Distrito_Nacional>
<Cacique_3>	<Cacique_(bird)>
<Cacique_4>	<Cacique_Guaro>
<Rudolf_Martin_0>	<Rudolf_Martin>
<Rudolf_Martin_1>	<Rudolph_Martin_Anderson>
<Rudolf_Martin_2>	<Martin_Brendel>
<Rudolf_Martin_3>	<Rudolf_Martin_(anthropologist)>
<All_Tomorrow's_Parties_0>	<All_Tomorrow's_Parties>
<All_Tomorrow's_Parties_1>	<All_Tomorrow's_Parties_(music_festival)>
<All_Tomorrow's_Parties_2>	<All_Tomorrow's_Parties_(2009_film)>
<All_Tomorrow's_Parties_3>	<All_Tomorrow's_Parties_(2003_film)>
<All_Tomorrow's_Parties_4>	<All_Tomorrow's_Parties_(novel)>
<Panhandle_0>	<Panhandle,_Texas>
<Panhandle_1>	<Panhandle_(film)>
<Panhandle_2>	<Panhandle_(San_Francisco)>
<Wolverton_0>	<Wolverton,_Hampshire>
<Wolverton_1>	<Wolverton>
<Wolverton_2>	<Wolverton,_Minnesota>
<Conrad_II_0>	<Conrad_II,_Holy_Roman_Emperor>
<Conrad_II_1>	<Conrad_II,_Duke_of_Transjurane_Burgundy>
<Conrad_II_2>	<Conrad_II,_Duke_of_Carinthia>
<Harefield_0>	<Harefield,_New_South_Wales>
<Harefield_1>	<Harefield,_Southampton>
<Harefield_2>	<Harefield>
<Madame_Butterfly_0>	<Madame_Butterfly_(1932_film)>
<Madame_Butterfly_1>	<Madame_Butterfly_(play)>
<Madame_Butterfly_2>	<Madama_Butterfly>
<Madame_Butterfly_3>	<Madame_Butterfly_(1915_film)>
<Madame_Butterfly_4>	<Madame_Butterfly_(short_story)>
<Youngstown_0>	<Youngstown,_Alberta>
<Youngstown_1>	<Youngstown_(song)>
<Youngstown_2>	<Youngstown,_New_York>
<Youngstown_3>	<Youngstown,_Pennsylvania>
<Youngstown_4>	<Youngstown,_Indiana>
<Youngstown_5>	<Youngstown,_Florida>
<777_0>	<M777_howitzer>
<777_1>	<Caterpillar_777>
<777_2>	<777_(number)>
<777_3>	<Unit_777>
<777_4>	<Minuscule_777_(Gregory-Aland)>
<777_5>	<777_(DVD)>
<777_6>	<Boeing_777>
<Glycerol-3-phosphate_dehydrogenase_0>	<Glycerol-3-phosphate_dehydrogenase_(quinone)>
<Glycerol-3-phosphate_dehydrogenase_1>	<Glycerol-3-phosphate_dehydrogenase>
<Glycerol-3-phosphate_dehydrogenase_2>	<Glycerol-3-phosphate_dehydrogenase_(NAD(P)+)>
<Nimrud_0>	<Nimrud>
<Nimrud_1>	<Nimrud,_Iran>
<John_Howard_0>	<John_Howard_(singer-songwriter)>
<John_Howard_1>	<John_Eliot_Howard>
<John_Howard_2>	<John_Howard_(Australian_actor)>
<John_Howard_3>	<John_Howard_(died_1437)>
<John_Howard_4>	<John_Howard_(prison_reformer)>
<John_Howard_5>	<John_Howard_(American_actor)>
<John_Howard_6>	<John_Obed_Howard>
<John_Howard_7>	<John_Howard,_1st_Duke_of_Norfolk>
<John_Howard_8>	<John_Howard_(public_health_administrator)>
<John_Howard_9>	<John_Howard_(lacrosse)>
<John_Howard_10>	<John_Howard_(UK_businessman)>
<John_Howard_11>	<John_Tasker_Howard>
<John_Howard_12>	<John_George_Howard>
<John_Howard_13>	<John_Howard_(cyclist)>
<John_Howard_14>	<John_Martin_Howard>
<John_Howard_15>	<John_Howard_(mathematician)>
<John_Howard_16>	<Johnny_Howard>
<John_Howard_17>	<John_Howard_(author)>
<John_Howard_18>	<John_Howard,_15th_Earl_of_Suffolk>
<John_Howard_19>	<John_Howard_(sprinter)>
<John_Howard_20>	<John_Howard_(British_Army_officer)>
<John_Howard_21>	<John_Howard_(optical_physicist)>
<John_Howard_22>	<John_Howard_(athlete)>
<John_Howard_23>	<John_Howard_(adventure_racer)>
<John_Howard_24>	<John_Eager_Howard>
<John_Howard_25>	<John_Howard>
<John_Howard_26>	<John_Galen_Howard>
<Donovan_0>	<General_Donovan_Department>
<Donovan_1>	<Curtis_Donovan>
<Donovan_2>	<Donovans,_South_Australia>
<Donovan_3>	<Donovan,_Illinois>
<Donovan_4>	<Castle_Donovan>
<Donovan_5>	<Donovan_(horse)>
<Ali_Osman_0>	<Ali_Osman>
<Ali_Osman_1>	<Ali_Osman_(composer)>
<Quid_pro_quo_0>	<Quid_Pro_Quo_(album)>
<Quid_pro_quo_1>	<Quid_Pro_Quo_(film)>
<Keele_0>	<Keele_(TTC)>
<Keele_1>	<Keele>
<Sieve_0>	<Sieve_of_Eratosthenes>
<Sieve_1>	<Cyclic_sieving>
<Sieve_2>	<General_number_field_sieve>
<Sieve_3>	<Sieve_of_Atkin>
<Sieve_4>	<Sieve_analysis>
<Sieve_5>	<Scale-invariant_feature_transform>
<Sieve_6>	<Sieve_tube_element>
<Sieve_7>	<Sieving_coefficient>
<Sieve_8>	<Quadratic_sieve>
<Sieve_9>	<Sieve_(mail_filtering_language)>
<Douglas_Hamilton_0>	<Douglas_Hamilton>
<Douglas_Hamilton_1>	<Douglas_Hamilton_(journalist)>
<Douglas_Hamilton_2>	<Douglas_Hamilton,_8th_Duke_of_Hamilton>
<Cold_0>	<Cold_(Annie_Lennox_song)>
<Cold_1>	<Cold_(Tears_for_Fears_song)>
<Cold_2>	<Cold_(Maxwell_song)>
<Cold_3>	<Cold_(Crossfade_song)>
<Cold_4>	<Cold_(band)>
<Cold_5>	<Cold_(Cold_album)>
<Cold_6>	<Cold_(Static-X_song)>
<Cold_7>	<Cold_(Lycia_album)>
<Cold_8>	<Cold_(Kanye_West_song)>
<Cold_9>	<Cold_(But_I'm_Still_Here)>
<Robert_Millar_0>	<Robert_Millar_(marketer)>
<Robert_Millar_1>	<Robert_Millar_(soccer)>
<Robert_Millar_2>	<Robert_Millar>
<Aegir_0>	<Ægir>
<Aegir_1>	<Aegir_(moon)>
<Aegir_2>	<Trent_Aegir>
<Liam_O'Neill_0>	<Liam_O'Neill_(Gaelic_footballer)>
<Liam_O'Neill_1>	<Liam_O'Neill>
<Yogurt_0>	<Yogurt_Mountain>
<Yogurt_1>	<Yogurting>
<Bob_Ross_0>	<Bob_Ross_(baseball)>
<Bob_Ross_1>	<Bob_Ross>
<Bob_Ross_2>	<Bob_Ross_(footballer)>
<Bob_Ross_3>	<Bob_Ross_(publisher)>
<Selfish_0>	<Selfish_(House)>
<Selfish_1>	<Selfish_(song)>
<I'll_Never_Fall_in_Love_Again_0>	<I'll_Never_Fall_in_Love_Again_(Lonnie_Donegan_song)>
<I'll_Never_Fall_in_Love_Again_1>	<I'll_Never_Fall_in_Love_Again>
<Spatz_0>	<Spatz>
<Spatz_1>	<Spatz_(automobile)>
<Achelous_0>	<Achelous_River>
<Achelous_1>	<Aheloy_(river)>
<Achelous_2>	<USS_Achelous_(ARL-1)>
<Achelous_3>	<Achelous-class_repair_ship>
<Achelous_4>	<Achelous>
<Achelous_5>	<Achelous_(crater)>
<Flashforward_0>	<Flash_Forward>
<Flashforward_1>	<Flash_Forward_(album)>
<Flashforward_2>	<Flashforward_(novel)>
<Bloomsbury_0>	<Bloomsbury_Gang>
<Bloomsbury_1>	<Bloomsbury_(Orange,_Virginia)>
<Bloomsbury_2>	<Bloomsbury_(ward)>
<Bloomsbury_3>	<Bloomsbury_Group>
<Bloomsbury_4>	<Bloomsbury_Farm_(Spotsylvania_County,_Virginia)>
<Bloomsbury_5>	<Bloomsbury_(Frederick,_Maryland)>
<Bloomsbury_6>	<Bloomsbury_Theatre>
<Bloomsbury_7>	<Bloomsbury,_New_Jersey>
<Bloomsbury_8>	<Bloomsbury_Publishing>
<Bloomsbury_9>	<Bloomsbury>
<Bloomsbury_10>	<Bloomsbury_(horse)>
<Grandstand_0>	<Grandstand_(game_manufacturer)>
<Grandstand_1>	<Grandstand_(TV_series)>
<Denis_Johnson_0>	<Denis_Johnson>
<Denis_Johnson_1>	<Denis_Johnson_(inventor)>
<Syncopation_0>	<Syncopation_(1929_film)>
<Syncopation_1>	<Syncopation_(1942_film)>
<Vanbrugh_0>	<Violet_Vanbrugh>
<Vanbrugh_1>	<RTÉ_Vanbrugh_Quartet>
<Vanbrugh_2>	<John_Vanbrugh>
<Vinje_0>	<Vinje,_Hordaland>
<Vinje_1>	<Vinje,_Sør-Trøndelag>
<Vinje_2>	<Vinje>
<Vinje_3>	<Vinje,_Dol_pri_Ljubljani>
<Villarejo_0>	<Villarejo_del_Valle>
<Villarejo_1>	<Villarejo-Periesteban>
<Villarejo_2>	<Villarejo>
<Villarejo_3>	<Villarejo_de_Montalbán>
<Villarejo_4>	<Villarejo_de_Fuentes>
<Villarejo_5>	<Villarejo_de_Órbigo>
<Villarejo_6>	<Villarejo_de_la_Peñuela>
<Bile_0>	<Bile_(band)>
<Bile_1>	<Bile_(Irish_legend)>
<Dunhuang_Caves_0>	<Mogao_Caves>
<Dunhuang_Caves_1>	<Western_Thousand_Buddha_Caves>
<Dunhuang_Caves_2>	<Yulin_Caves>
<Knott_0>	<Knott>
<Knott_1>	<Knott,_Texas>
<Knott_2>	<Knott_Arena>
<Magdeburg_0>	<Magdeburg_(region)>
<Magdeburg_1>	<Magdeburg>
<Pravda_0>	<Pravda>
<Pravda_1>	<Pravda_(Serbia)>
<Pravda_2>	<Pravda_(play)>
<Pravda_3>	<Pravda_(Lithuania)>
<Pravda_4>	<Pravda_(Slovakia)>
<William_Beveridge_0>	<William_Beveridge_(bishop)>
<William_Beveridge_1>	<William_Beveridge>
<William_Beveridge_2>	<William_Beveridge_(footballer)>
<Robert_Moses_0>	<Robert_Moses>
<Robert_Moses_1>	<Bob_Moses_(musician)>
<Robert_Moses_2>	<Robert_Parris_Moses>
<Stefan_Johansson_0>	<Stefan_Johansson>
<Stefan_Johansson_1>	<Stefan_Johansson_(ice_hockey)>
<Vidor_0>	<King_Vidor>
<Vidor_1>	<Vidor>
<Vidor_2>	<Vidor,_Texas>
<Baldur's_Gate_0>	<Baldur's_Gate_(series)>
<Baldur's_Gate_1>	<Baldur's_Gate_(city)>
<Baldur's_Gate_2>	<Baldur's_Gate>
<Sadae_0>	<Sadae>
<Sadae_1>	<Sadae_(office)>
<Vineyard_0>	<Vineyard,_New_South_Wales>
<Vineyard_1>	<Vineyard,_Utah>
<Vineyard_2>	<Vineyard,_Kentucky>
<Vineyard_3>	<Vineyard,_California>
<Symbol_0>	<Symbol_(TV_series)>
<Symbol_1>	<Symbol_(film)>
<Symbol_2>	<Symbol,_Kentucky>
<Symbol_3>	<Symbol_(typeface)>
<Symbol_4>	<Symbol_(chemistry)>
<Symbol_5>	<Symbol_(album)>
<Symbol_6>	<Symbol_(formal)>
<Symbol_7>	<Symbol_(choir)>
<Symbol_8>	<Symbol_(programming)>
<Grenade_0>	<Grenade-sur-l'Adour>
<Grenade_1>	<Grenade_(song)>
<Grenade_2>	<Grenade,_Haute-Garonne>
<Grenade_3>	<Operation_Grenade>
<Grenade_4>	<HMS_Grenade_(H86)>
<Grenade_5>	<Hand_Grenade_(cocktail)>
<Carpet_0>	<Carpet_(album)>
<Carpet_1>	<Carpet_(solitaire)>
<Carpet_2>	<Fitted_carpet>
<Bexley_0>	<Bexley,_New_Zealand>
<Bexley_1>	<Bexley,_New_South_Wales>
<Bexley_2>	<Bexley_(UK_Parliament_constituency)>
<Bexley_3>	<Bexley>
<Bexley_4>	<Bexley,_Ohio>
<Kevin_James_0>	<2005_Los_Angeles_bomb_plot>
<Kevin_James_1>	<Kevin_James_(English_footballer)>
<Kevin_James_2>	<Kevin_James_(Scottish_footballer)>
<Kevin_James_3>	<Kevin_James_(pornographic_actor)>
<Kevin_James_4>	<Kevin_James_(magician)>
<Kevin_James_5>	<Kevin_James_(broadcaster)>
<Kevin_James_6>	<Kevin_James>
<John_Ray_0>	<John_Ray>
<John_Ray_1>	<John_Ray_(footballer)>
<Bob_Armstrong_0>	<Bob_Armstrong_(ice_hockey)>
<Bob_Armstrong_1>	<Bob_Armstrong>
<Bob_Armstrong_2>	<Bob_Armstrong_(boxer)>
<Cliff_0>	<Cliff,_New_Mexico>
<Cliff_1>	<Cliff_(album)>
<Cliff_2>	<United_States_fiscal_cliff>
<Cliff_3>	<Cliff,_Kentucky>
<SFO_0>	<Santa_Fe_Opera>
<SFO_1>	<Serious_Fraud_Office_(New_Zealand)>
<SFO_2>	<Subfornical_organ>
<SFO_3>	<Specialist_Firearms_Officer>
<SFO_4>	<Secular_Franciscan_Order>
<SFO_5>	<Serious_Fraud_Office_(United_Kingdom)>
<Piura_0>	<Piura_District>
<Piura_1>	<Piura_Province>
<Boomtown_0>	<Boomtown_(Toby_Keith_album)>
<Boomtown_1>	<Boomtown_(1956_TV_series)>
<Boomtown_2>	<Boomtown_(Ozma_album)>
<Comb_0>	<Comb_drive>
<Comb_1>	<Combe>
<Comb_2>	<Comb_space>
<Comb_3>	<Dirac_comb>
<Tijuca_0>	<Tijuca>
<Tijuca_1>	<Tijuca_(bird)>
<Linda_Park_0>	<Linda_Park_(comics)>
<Linda_Park_1>	<Linda_Sue_Park>
<Harold_Hunter_0>	<Harold_Hunter_(basketball)>
<Harold_Hunter_1>	<Harold_Hunter>
<Qotbabad_0>	<Qotbabad>
<Qotbabad_1>	<Qotbabad,_Kerman>
<Kaiser_0>	<Kaiser,_Wisconsin>
<Kaiser_1>	<Kaiser_(video_game)>
<Kaiser_2>	<Kaiser_(horse)>
<Kaiser_3>	<Kaiser_(card_game)>
<Kaiser_4>	<Kaiser,_Missouri>
<Gilles_0>	<Gilles_(novel)>
<Gilles_1>	<Gilles>
<Gilles_2>	<Gilles_(stock_character)>
<Dew_0>	<Armine_Dew>
<Dew_1>	<Dew,_Texas>
<Dew_2>	<Dew_Tour>
<Electric_eye_0>	<Electric_Eye_(song)>
<Electric_eye_1>	<Electric_Eye_(video)>
<Electric_eye_2>	<Electric_Eye_(album)>
<Electric_eye_3>	<Electric_Eye_(band)>
<David_Drake_0>	<David_Drake_(actor)>
<David_Drake_1>	<David_Drake_Limited>
<David_Drake_2>	<Dave_Drake>
<David_Drake_3>	<David_Drake>
<Bag_0>	<Bag_(Bužim)>
<Bag_1>	<Bag,_Hungary>
<Bag_2>	<Bag_(puzzle)>
<Bag_3>	<Bag,_Qasr-e_Qand>
<Vieux-Fort_0>	<Vieux-Fort,_Guadeloupe>
<Vieux-Fort_1>	<Vieux_Fort,_Saint_Lucia>
<Kaveri_0>	<Kaveri_(actress)>
<Kaveri_1>	<Kaveri_(1955_film)>
<Interpolation_0>	<Craig_interpolation>
<Interpolation_1>	<Interpolation_(music)>
<Interpolation_2>	<Image_scaling>
<Interpolation_3>	<String_interpolation>
<Interpolation_4>	<Interpolation_(manuscripts)>
<Interpolation_5>	<Interpolation_(computer_graphics)>
<Interpolation_6>	<Interpolation_theory>
<Interpolation_7>	<Inbetweening>
<Chasse_0>	<Chasse_(song)>
<Chasse_1>	<David_Hendrik_Chassé>
<Chasse_2>	<Chasse_(casket)>
<Hanover_0>	<Hanover,_Kansas>
<Hanover_1>	<Hanover,_Maryland>
<Hanover_2>	<Hanover,_Massachusetts>
<Hanover_3>	<Hanover>
<Hanover_4>	<Hanover,_New_Mexico>
<Hanover_5>	<Hanover,_New_Hampshire>
<Hanover_6>	<Hanover,_Pennsylvania>
<Hanover_7>	<Hanover,_Minnesota>
<Hanover_8>	<Hanover_(region)>
<Hanover_9>	<Hanover,_Illinois>
<Hanover_10>	<Hanover_(ship)>
<Hanover_11>	<Hanover,_Brighton>
<Hanover_12>	<Hanover,_Maine>
<Hanover_13>	<Hanover,_Northern_Cape>
<Hanover_14>	<Hanover,_Ontario>
<Hanover_15>	<Hanover_(horse)>
<Hanover_16>	<Hanover,_New_York>
<Hanover_17>	<Hanover,_Indiana>
<Hanover_18>	<Hanover,_Ohio>
<Hanover_19>	<Hanover,_Wisconsin>
<Birkenau_0>	<Auschwitz_concentration_camp>
<Birkenau_1>	<Birkenau_(Odenwald)>
<Edmund_Ironside_0>	<Edmund_Ironside,_2nd_Baron_Ironside>
<Edmund_Ironside_1>	<Edmund_Ironside,_1st_Baron_Ironside>
<Edmund_Ironside_2>	<Edmund_Ironside_(play)>
<Edmund_Ironside_3>	<Edmund_Ironside>
<The_Dakotas_0>	<The_Dakota>
<The_Dakotas_1>	<The_Dakotas_(TV_series)>
<The_Dakotas_2>	<The_Dakotas_(band)>
<Angelos_0>	<Angelos>
<Angelos_1>	<Angelos_(Greek_mythology)>
<Paul_Watson_0>	<Paul_Watson_(journalist)>
<Paul_Watson_1>	<Paul_Watson>
<Paul_Watson_2>	<Paul_Watson_(cyclist)>
<Paul_Watson_3>	<Paul_Watson_(musician)>
<Aztlán_0>	<Aztlán>
<Aztlán_1>	<Aztlán_(Monterrey_Metro)>
<William_Davidson_0>	<William_Davidson_of_Curriehill>
<William_Davidson_1>	<William_Davidson_Bissett>
<William_Davidson_2>	<William_Mackenzie_Davidson>
<William_Davidson_3>	<William_Davidson_(sailor)>
<William_Davidson_4>	<William_Davidson_(conspirator)>
<William_Davidson_5>	<William_Lee_Davidson>
<William_Davidson_6>	<William_Davidson_(engineer)>
<William_Davidson_7>	<William_Soltau_Davidson>
<William_Davidson_8>	<William_Davidson_(Sussex_cricketer)>
<William_Davidson_9>	<William_Davidson_(lumberman)>
<William_Davidson_10>	<William_Davidson_(MCC_cricketer)>
<William_Davidson_11>	<William_McCartney_Davidson>
<Springsteen_0>	<Springsteen_(song)>
<Springsteen_1>	<Bruce_Springsteen>
<Hoskins_0>	<Hoskins_Airport>
<Hoskins_1>	<Hoskins,_Nebraska>
<Hoskins_2>	<Mount_Hoskins>
<Hoskins_3>	<Hoskins,_Oregon>
<Hoskins_4>	<Hoskins_Field_(Texas)>
<Hoskins_5>	<Hoskins_Peak>
<Hoskins_6>	<Hoskins_Field_(Washington)>
<Hoskins_7>	<Fort_Hoskins>
<PIP2_0>	<Phosphatidylinositol_3,4-bisphosphate>
<PIP2_1>	<Phosphatidylinositol_3,5-bisphosphate>
<PIP2_2>	<Phosphatidylinositol_4,5-bisphosphate>
<Garvin_0>	<Garvin,_Oklahoma>
<Garvin_1>	<Garvin,_Minnesota>
<Skull_Island_0>	<Skull_Island_(Washington)>
<Skull_Island_1>	<Skull_Island>
<Skull_Island_2>	<Skull_Island_(Australia)>
<Black_money_0>	<Black_money_scam>
<Black_money_1>	<Black_Money>
<Richard_Steele_0>	<Richard_Steele>
<Richard_Steele_1>	<Richard_Steele_(referee)>
<Heaven_Help_Us_0>	<Heaven_Help_Us>
<Heaven_Help_Us_1>	<Heaven_Help_Us_(TV_series)>
<Doughboy_0>	<Doughboys_(Canadian_band)>
<Doughboy_1>	<Bosko_the_Doughboy>
<Doughboy_2>	<Pillsbury_Doughboy>
<Doughboy_3>	<Dough_Boys_(film)>
<Doughboy_4>	<Light_Crust_Doughboys>
<Doughboy_5>	<Doughboy_(comics)>
<Doughboy_6>	<Doughboys_(1930_film)>
<Doughboy_7>	<Dough_Boy_(video_game)>
<Doughboy_8>	<Fried_dough>
<Doughboy_9>	<The_Doughboys_(New_Jersey_band)>
<New_Left_0>	<New_Left_(France)>
<New_Left_1>	<New_Left>
<Brian_Harvey_0>	<Brian_Harvey_(lecturer)>
<Brian_Harvey_1>	<Brian_Harvey_(Australian_rules_footballer)>
<Brian_Harvey_2>	<Brian_Harvey>
<Brian_Harvey_3>	<Brian_Harvey_(author)>
<Brian_Harvey_4>	<Brian_Harvey_(athlete)>
<TeenNick_0>	<TeenNick>
<TeenNick_1>	<TEENick>
<James_Holman_0>	<James_Holman>
<James_Holman_1>	<James_Holman_(judge)>
<Lille_0>	<Lille,_Belgium>
<Lille_1>	<Lille>
<Lille_2>	<Lille_(song)>
<Marley's_Ghost_0>	<Marley's_Ghost_(play)>
<Marley's_Ghost_1>	<Marley's_Ghost_(band)>
<Anthemius_0>	<Anthemius>
<Anthemius_1>	<Anthemius_(praetorian_prefect)>
<Richard_Arkwright_0>	<Richard_Arkwright>
<Richard_Arkwright_1>	<Richard_Arkwright_(barrister)>
<Qushchi_0>	<Qushchi,_Qazvin>
<Qushchi_1>	<Qushchi,_Kaleybar>
<Qushchi_2>	<Qushchi,_Zanjan>
<Qushchi_3>	<Qushchi>
<Qushchi_4>	<Qushchi_Bayram_Khvajeh>
<Qushchi_5>	<Qushchi,_Sarab>
<Cayenne_0>	<Porsche_Cayenne>
<Cayenne_1>	<Apache_Cayenne>
<Cayenne_2>	<Cayenne_(programming_language)>
<Cayenne_3>	<Cayenne_(mascot)>
<Boulogne_0>	<Valentin_de_Boulogne>
<Boulogne_1>	<Boulogne_Sur_Mer>
<Boulogne_2>	<Boulogne_(river)>
<Boulogne_3>	<County_of_Boulogne>
<Boulogne_4>	<Bois_de_Boulogne>
<Boulogne_5>	<Boulogne,_Vendée>
<Boulogne_6>	<Boulogne-sur-Mer>
<Boulogne_7>	<Boulogne-Billancourt>
<Boulogne_8>	<Chevalier_de_Saint-Georges>
<Boulogne_9>	<Boulogne,_Florida>
<Boulogne_10>	<US_Boulogne>
<Asgard_0>	<Asgard_(album)>
<Asgard_1>	<Asgard>
<Asgard_2>	<Reidar_Åsgård>
<Asgard_3>	<Asgard_(Stargate)>
<Asgard_4>	<Asgard_(comics)>
<Asgard_5>	<Asgard_(crater)>
<Bras_d'Or_0>	<Bras_d'Or_(R-103)>
<Bras_d'Or_1>	<Bras_d'Or_Lakes_Scenic_Drive>
<Bras_d'Or_2>	<Bras_d'Or,_Nova_Scotia>
<Bras_d'Or_3>	<Bras_d'Or_Lake>
<I_Only_Have_Eyes_for_You_0>	<I_Only_Have_Eyes_for_You>
<I_Only_Have_Eyes_for_You_1>	<I_Only_Have_Eyes_for_You_(Buffy_the_Vampire_Slayer)>
<I_Only_Have_Eyes_for_You_2>	<I_Only_Have_Eyes_for_You_(film)>
<I_Only_Have_Eyes_for_You_3>	<I_Only_Have_Eyes_for_You_(Lester_Bowie_album)>
<I_Only_Have_Eyes_for_You_4>	<I_Only_Have_Eyes_for_You_(Johnny_Mathis_album)>
<Once_Upon_a_Time_in_the_North_0>	<Once_Upon_a_Time_in_the_North_(album)>
<Once_Upon_a_Time_in_the_North_1>	<Once_Upon_a_Time_in_the_North>
<Terminal_velocity_0>	<Terminal_Velocity_(video_game)>
<Terminal_velocity_1>	<Terminal_Velocity_(novel)>
<Terminal_velocity_2>	<Terminal_Velocity_(film)>
<Hug_0>	<Hug_(album)>
<Hug_1>	<Hug_(song)>
<Waban_0>	<Waban,_Massachusetts>
<Waban_1>	<Waban>
<Waban_2>	<Waban_(MBTA_station)>
<No_Love_0>	<No_Love_(I'm_Not_Used_to)>
<No_Love_1>	<No_Love>
<Night_of_the_Long_Knives_0>	<Night_of_the_Long_Knives_(1962)>
<Night_of_the_Long_Knives_1>	<Night_of_the_Long_Knives>
<If_I_Should_Fall_0>	<If_I_Should_Fall>
<If_I_Should_Fall_1>	<If_I_Should_Fall_from_Grace_with_God>
<If_I_Should_Fall_2>	<If_I_Should_Fall_to_the_Field>
<If_I_Should_Fall_3>	<If_I_Should_Fall_from_Grace_with_God_(song)>
<EM_TV_0>	<EM_TV>
<EM_TV_1>	<Controversial_TV>
<Garibaldi_School_0>	<Garibaldi_Secondary_School>
<Garibaldi_School_1>	<Garibaldi_College>
<Colombo_0>	<Bagalini_Colombo>
<Colombo_1>	<Colombo,_Paraná>
<Colombo_2>	<Colombo>
<Colombo_3>	<Colombo_District>
<Colombo_4>	<Colombo_Yogurt>
<Colombo_5>	<Colombo_(horse)>
<Colombo_6>	<Colombo_(crater)>
<Neil_Harrison_0>	<Neil_Harrison_(umpire)>
<Neil_Harrison_1>	<Neil_Harrison_(curler)>
<Neil_Harrison_2>	<Neil_Harrison>
<Melon_0>	<Melon_de_Bourgogne>
<Melon_1>	<The_Melons>
<Melon_2>	<Mellin>
<Melon_3>	<Melon_(band)>
<Melon_4>	<Melon_Bicycles>
<Melon_5>	<Melón>
<Ellipsoid_0>	<Index_ellipsoid>
<Ellipsoid_1>	<Ellipsoidal_coordinates>
<Ellipsoid_2>	<Poinsot's_ellipsoid>
<Ellipsoid_3>	<Ellipsoidal_reflector_spotlight>
<Jim_Crow_0>	<Jim_Crow_(group)>
<Jim_Crow_1>	<Jim_Crow_(typeface)>
<River_0>	<River_(AKB48_song)>
<River_1>	<River_(Joni_Mitchell_song)>
<River_2>	<River_(album)>
<River_3>	<River_(TV_series)>
<River_4>	<River,_Kent>
<Prithviraj_Chauhan_0>	<Prithviraj_Chauhan>
<Prithviraj_Chauhan_1>	<Prithviraj_Chavan>
<Debussy_0>	<Debussy_(crater)>
<Debussy_1>	<Debussy_(horse)>
<Debussy_2>	<Debussy_Heights>
<Sergipe_0>	<Sergipe_River>
<Sergipe_1>	<Sergipe>
<Sergipe_2>	<Club_Sportivo_Sergipe>
<Viola_0>	<Viola_(plant)>
<Viola_1>	<Viola,_Minnesota>
<Viola_2>	<Viola,_Missouri>
<Viola_3>	<Juan_Violá>
<Viola_4>	<Viola,_Kentucky>
<Viola_5>	<Viola,_Piedmont>
<Viola_6>	<Viola,_New_York>
<Viola_7>	<Viola_(opera)>
<Viola_8>	<Viola,_Idaho>
<Viola_9>	<Viola,_Tennessee>
<Viola_10>	<Viola_(trawler)>
<Viola_11>	<Viola,_Kansas>
<Viola_12>	<Violante_Placido>
<Viola_13>	<Viola,_Illinois>
<Viola_14>	<Viola,_Iowa>
<Viola_15>	<Viola,_Marion_County,_West_Virginia>
<Viola_16>	<Viola_(footballer)>
<Viola_17>	<Viola,_Marshall_County,_West_Virginia>
<Viola_18>	<Viola,_Wisconsin>
<Viola_19>	<Viola,_Delaware>
<Viola_20>	<Viola,_Arkansas>
<Aberdare_0>	<Henry_Bruce,_2nd_Baron_Aberdare>
<Aberdare_1>	<Clarence_Bruce,_3rd_Baron_Aberdare>
<Aberdare_2>	<Aberdare_Park>
<Aberdare_3>	<Aberdare_railway_station>
<Aberdare_4>	<Alastair_Bruce,_5th_Baron_Aberdare>
<Aberdare_5>	<Aberdare_(UK_Parliament_constituency)>
<Aberdare_6>	<Morys_Bruce,_4th_Baron_Aberdare>
<Aberdare_7>	<Aberdare,_New_South_Wales>
<Aberdare_8>	<Henry_Bruce,_1st_Baron_Aberdare>
<Aberdare_9>	<Aberdare>
<Stuka_0>	<Stuka_(horse)>
<Stuka_1>	<Štuka>
<Stuka_2>	<Junkers_Ju_87>
<Langli_0>	<John_Christian_Langli>
<Langli_1>	<Langli_Station>
<Langli_2>	<Terje_Langli>
<Bones_0>	<Bones_(TV_series)>
<Bones_1>	<Bones_(Ginny_Blackmore_song)>
<Bones_2>	<Bones_(2001_film)>
<Bones_3>	<Bones_(soundtrack)>
<Bones_4>	<Bones_(instrument)>
<Bones_5>	<Bones_(The_Killers_song)>
<Bones_6>	<Bones_(2010_film)>
<Bones_7>	<Bones_(Editors_song)>
<Bones_8>	<Bones_(album)>
<Bones_9>	<Bones_(Kellerman_novel)>
<Bones_10>	<Bones_(studio)>
<Jenny_Lind_0>	<Jenny_Lind>
<Jenny_Lind_1>	<Jenny_Lind,_California>
<Jenny_Lind_2>	<Jenny_Lind,_Glasgow>
<Amid_0>	<Amid,_West_Azerbaijan>
<Amid_1>	<Amid,_North_Khorasan>
<George_Bradley_0>	<George_Bradley_(outfielder)>
<George_Bradley_1>	<George_Bradley_(poet)>
<George_Bradley_2>	<George_Bradley_(Medal_of_Honor)>
<George_Bradley_3>	<George_Bradley_(Minnesota_politician)>
<George_Bradley_4>	<George_Bradley_(cricketer)>
<George_Bradley_5>	<George_Bradley_(rugby_league)>
<George_Bradley_6>	<George_Bradley>
<George_Bradley_7>	<George_Bradley_(priest)>
<Hose_0>	<Hose,_Leicestershire>
<Hose_1>	<Hose_(clothing)>
<Hose_2>	<Hose_(band)>
<Slavyanovo_0>	<Slavyanovo>
<Slavyanovo_1>	<Slavyanovo,_Haskovo_Province>
<Slavyanovo_2>	<Slavyanovo,_Targovishte_Province>
<Barbara_Mitchell_0>	<Barbara_Mitchell>
<Barbara_Mitchell_1>	<Barbara_Mitchell_(swimmer)>
<Edward_Bayntun_0>	<Edward_Bayntun_(died_1679)>
<Edward_Bayntun_1>	<Edward_Bayntun_(died_1593)>
<Edward_Bayntun_2>	<Edward_Bayntun>
<Edward_Bayntun_3>	<Edward_Bayntun_(died_1657)>
<Newcastle_Airport_0>	<Newcastle_Airport_(New_South_Wales)>
<Newcastle_Airport_1>	<Newcastle_Airport>
<Newcastle_Airport_2>	<Newcastle_Airport_(South_Africa)>
<Fay_0>	<Fay-de-Bretagne>
<Fay_1>	<Fay,_Sarthe>
<Fay_2>	<Fay,_Orne>
<Fay_3>	<Fay,_Somme>
<Fay_4>	<Fayetteville_Regional_Airport>
<Fay_5>	<Fay-aux-Loges>
<Fay_6>	<Tropical_Storm_Fay_(2008)>
<Fay_7>	<Fay-sur-Lignon>
<Fay_8>	<Fay_(TV_series)>
<Fay_9>	<Fay,_Oklahoma>
<Fay_10>	<Faÿ-lès-Nemours>
<Fay_11>	<Fay-en-Montagne>
<Fay_12>	<Fay-les-Étangs>
<Restaurant_0>	<Restaurant_(magazine)>
<Restaurant_1>	<The_Restaurant_(UK_TV_series)>
<Restaurant_2>	<Restaurant_(1998_film)>
<Restaurant_3>	<The_Restaurant_(Irish_TV_series)>
<Purcell_0>	<Purcell,_Oklahoma>
<Purcell_1>	<Purcell,_Missouri>
<Purcell_2>	<Purcell,_Indiana>
<Grey_0>	<Grey_(album)>
<Grey_1>	<Grey_(manga)>
<Grey_2>	<Grey>
<George_Khoury_0>	<George_Khoury>
<George_Khoury_1>	<George_Khoury_(author)>
<Diefenbaker_0>	<Lake_Diefenbaker>
<Diefenbaker_1>	<John_Diefenbaker>
<Franklin_Field_0>	<Franklin_Flying_Field>
<Franklin_Field_1>	<Elgin–Franklin_fields>
<Franklin_Field_2>	<Franklin_Field_(Alabama)>
<Franklin_Field_3>	<Franklin_Field>
<Franklin_Field_4>	<Franklin_Field_(California)>
<Steve_McGowan_0>	<Steve_McGowan>
<Steve_McGowan_1>	<Stephen_McGowan_(footballer)>
<Steve_McGowan_2>	<Stephen_McGowan>
<Buren_0>	<Buren,_Friesland>
<Buren_1>	<Buren>
<Architect_0>	<Architect_(band)>
<Architect_1>	<Architect_(album)>
<Architect_2>	<Architect_(The_Matrix)>
<Question_0>	<Question_(short_story)>
<Question_1>	<Question_(Lloyd_Price_song)>
<Question_2>	<The_Questions>
<Question_3>	<Questions_(game)>
<Question_4>	<The_Question_(Emery_album)>
<Question_5>	<The_Question_(The_Slackers_album)>
<Question_6>	<Question_(The_Moody_Blues_song)>
<Question_7>	<Ballot_measure>
<Question_8>	<Renee_Montoya>
<Question_9>	<La_Question>
<Question_10>	<Question_(comics)>
<Question_11>	<A_Question_(album)>
<Question_12>	<A_Question_(poem)>
<Guitar_0>	<Guitar_(Peter_Lang_album)>
<Guitar_1>	<Guitar_(Ewan_Dobson_album)>
<Guitar_2>	<Guitar_(song)>
<Guitar_3>	<Guitar_(Tony_Rice_album)>
<Polish_People's_Party_0>	<Polish_People's_Party_(1945–49)>
<Polish_People's_Party_1>	<Polish_People's_Party_(Czechoslovakia)>
<Jack_Monroe_0>	<Jack_Monroe>
<Jack_Monroe_1>	<Jack_Monroe_(song)>
<Look_Away_0>	<Look_Away_(Big_Country_song)>
<Look_Away_1>	<Look_Away>
<Jack_Kirby_0>	<Jack_Kirby_(American_football)>
<Jack_Kirby_1>	<Jack_Kirby>
<Griffith_Island_0>	<Griffiths_Island>
<Griffith_Island_1>	<Griffith_Island_(Georgian_Bay)>
<Griffith_Island_2>	<Griffith_Island_(Nunavut)>
<Griffith_Island_3>	<Griffith_Island>
<Zurich_0>	<Zurich,_Ontario>
<Zurich_1>	<Zurich_(Praxis_album)>
<Zurich_2>	<Zurich,_Montana>
<Zurich_3>	<Zürich>
<Zurich_4>	<Zurich,_California>
<Zurich_5>	<Zurich,_Kansas>
<Maszewo_0>	<Maszewo,_Gorzów_County>
<Maszewo_1>	<Maszewo>
<Maszewo_2>	<Maszewo,_Masovian_Voivodeship>
<Maszewo_3>	<Maszewo,_Krosno_Odrzańskie_County>
<Dharampur_0>	<Dharampur,_Narayani>
<Dharampur_1>	<Dharampur,_Himachal_Pradesh>
<Dharampur_2>	<Dharampur,_India>
<Dharampur_3>	<Dharampur,_Sagarmatha>
<Daryl_Smith_0>	<Darryl_Smith_(cricketer)>
<Daryl_Smith_1>	<Daryl_Smith>
<Daryl_Smith_2>	<Daryl_Smith_(baseball)>
<Maidenhead_0>	<Maidenhead_(UK_Parliament_constituency)>
<Maidenhead_1>	<Maidenhead_Locator_System>
<Lewis_Taylor_0>	<Lewis_Taylor>
<Lewis_Taylor_1>	<Lewis_Taylor_(album)>
<Lewis_Taylor_2>	<Lewis_Taylor_(rugby_league)>
<Lewis_Taylor_3>	<Lewis_Taylor_(Australian_footballer)>
<Dino_0>	<Dino_(Italian_singer)>
<Dino_1>	<Dino_(automobile)>
<Dino_2>	<Ganzavia_GAK-22_Dino>
<Dino_3>	<Dino_Entertainment>
<Dino_4>	<Dino_(album)>
<Dino_5>	<Calgary_Dinos>
<Dino_6>	<Dino_(singer)>
<Dino_7>	<Fiat_Dino>
<Dino_8>	<NC_Dinos>
<Dino_9>	<Ferrari_Dino_engine>
<Dino_10>	<Democrat_In_Name_Only>
<Dino_11>	<Dino_(The_Flintstones)>
<Guyana_0>	<Guyana>
<Guyana_1>	<Guyana_(Commonwealth_realm)>
<Parang_0>	<Parang,_Maguindanao>
<Parang_1>	<Parang_(knife)>
<Parang_2>	<Parâng_Mountains_group>
<Parang_3>	<Parang,_Sulu>
<Golden_Bay_0>	<Golden_Bay_High_School>
<Golden_Bay_1>	<Għajn_Tuffieħa>
<Golden_Bay_2>	<Golden_Bay>
<Golden_Bay_3>	<Golden_Bay,_Western_Australia>
<Captain_Cook_0>	<Captain_Cook,_Hawaii>
<Captain_Cook_1>	<Captain_Cook_(Blackadder)>
<Moment_of_silence_0>	<Moment_of_silence>
<Moment_of_silence_1>	<Moment_of_Silence_(poem)>
<Moment_of_silence_2>	<The_Moment_of_Silence>
<Meira_0>	<Meira>
<Meira_1>	<Meira_(comarca)>
<Meira_2>	<Fernando_Meira>
<Meira_3>	<Tarcísio_Meira>
<Delos_0>	<Delos_Davis>
<Delos_1>	<The_Man_Who_Sold_the_Moon>
<Delos_2>	<Delos>
<Delos_3>	<Delos_Carleton_Emmons>
<Delos_4>	<Delos_Thurber>
<Delos_5>	<Delos_Mountain>
<Delos_6>	<Delos_Drake>
<Delos_7>	<Delos_Bennett_Sackett>
<Værnes_0>	<Værnes,_Nord-Trøndelag>
<Værnes_1>	<Trondheim_Airport,_Værnes>
<Evansville_0>	<Evansville,_Arkansas>
<Evansville_1>	<Evansville,_Indiana>
<Evansville_2>	<Evansville,_California>
<Evansville_3>	<Evansville,_Illinois>
<Evansville_4>	<Evansville,_Wyoming>
<Evansville_5>	<Evansville,_Wisconsin>
<Evansville_6>	<Evansville,_Alaska>
<Evansville_7>	<Evansville,_Minnesota>
<SETI_0>	<SETI_(band)>
<SETI_1>	<SETI_(The_Kovenant_album)>
<Mesta_0>	<Perle_Mesta>
<Mesta_1>	<Óláfs_saga_Tryggvasonar_en_mesta>
<Mesta_2>	<Mesta,_Bulgaria>
<Mesta_3>	<Mesta_Machinery>
<Mesta_4>	<Mesta>
<Mesta_5>	<Mesta_(company)>
<High_Maintenance_0>	<High_Maintenance_(EP)>
<High_Maintenance_1>	<High_Maintenance_(song)>
<High_Maintenance_2>	<High_Maintenance>
<Ikhwan_0>	<Ikhwan>
<Ikhwan_1>	<Ikhwan_(Kashmir)>
<Bird_Rock_0>	<Bird_Rock,_San_Diego>
<Bird_Rock_1>	<Bird_Rock_(Marin_County,_California)>
<The_Invisibles_0>	<The_Invisibles_(TV_series)>
<The_Invisibles_1>	<The_Invisibles_(band)>
<The_Invisibles_2>	<The_Invisibles_(The_Outer_Limits)>
<The_Invisibles_3>	<The_Invisibles>
<Shipwreck_0>	<Shipwrecking>
<Shipwreck_1>	<P-700_Granit>
<Cassandra_Complex_0>	<Cassandra_(metaphor)>
<Cassandra_Complex_1>	<The_Cassandra_Complex_(band)>
<Campbell_Park_0>	<Campbell_Park>
<Campbell_Park_1>	<Campbell_Park,_Australia>
<Bob_Gibson_0>	<Bob_Gibson_(footballer)>
<Bob_Gibson_1>	<Bob_Gibson_(artist)>
<Bob_Gibson_2>	<Bob_Gibson_(1980s_pitcher)>
<Bob_Gibson_3>	<Bob_Gibson>
<Bob_Gibson_4>	<Bob_Gibson_(musician)>
<Khanqah_0>	<Khanqah>
<Khanqah_1>	<Khanqah,_Meyaneh>
<Khanqah_2>	<Khanqah,_Zanjan>
<Khanqah_3>	<Khanqah,_Lorestan>
<Texas_hold_'em_0>	<Texas_hold_'em>
<Texas_hold_'em_1>	<Texas_Hold_'Em_Poker_(video_game)>
<Texas_hold_'em_2>	<Texas_Hold_'em_(video_game)>
<Argonautica_0>	<Argonautica>
<Argonautica_1>	<Argonautica_Orphica>
<Howard_0>	<Howard,_West_Virginia>
<Howard_1>	<Howard_City,_Michigan>
<Howard_2>	<Howard_(skipjack)>
<Howard_3>	<Howard,_Wisconsin>
<Howard_4>	<Howard,_South_Dakota>
<Howard_5>	<Howard_Aircraft_Corporation>
<Howard_6>	<Howard,_Rhode_Island>
<Howard_7>	<Howard,_Indiana>
<Howard_8>	<Howard,_Pennsylvania>
<Howard_9>	<Howard,_Florida>
<Howard_10>	<Howard,_Queensland>
<Howard_11>	<Howard>
<Howard_12>	<Howards_Grove,_Wisconsin>
<Howard_13>	<Howard,_Ohio>
<Howard_14>	<Howard_(community),_Chippewa_County,_Wisconsin>
<Howard_15>	<Howard_University>
<Howard_16>	<Howard,_New_York>
<Howard_17>	<Howard,_Kansas>
<Ardakan_0>	<Ardakan,_Alborz>
<Ardakan_1>	<Ardakan_County>
<Ardakan_2>	<Ardakan,_Fars>
<Ardakan_3>	<Ardakan>
<Tin_0>	<Titanium_nitride>
<Tin_1>	<Corrugated_galvanised_iron>
<Tin_2>	<Tin_(newsreader)>
<Tin_3>	<Triangulated_irregular_network>
<Tin_4>	<At-Tin>
<Tin_5>	<Tinne>
<Mark_Donovan_0>	<Mark_Donovan_(American_football)>
<Mark_Donovan_1>	<Mark_Donovan>
<Washington_Square_Park_0>	<Washington_Square_Park_(Chicago)>
<Washington_Square_Park_1>	<Washington_Square_Park>
<Screamer_0>	<Screamer_(march)>
<Screamer_1>	<Screamer_(video_game)>
<Fishburn_0>	<Fishburn>
<Fishburn_1>	<Fishburn_(ship)>
<Charles_Winters_0>	<Charles_Winters>
<Charles_Winters_1>	<Charles_Winters_(journalist)>
<Rebecca_of_Sunnybrook_Farm_0>	<Rebecca_of_Sunnybrook_Farm_(1917_film)>
<Rebecca_of_Sunnybrook_Farm_1>	<Rebecca_of_Sunnybrook_Farm_(1932_film)>
<Rebecca_of_Sunnybrook_Farm_2>	<Rebecca_of_Sunnybrook_Farm>
<Rebecca_of_Sunnybrook_Farm_3>	<Rebecca_of_Sunnybrook_Farm_(1938_film)>
<Southwestern_University_0>	<Southwestern_University>
<Southwestern_University_1>	<Southwestern_University_(Philippines)>
<Malcolm_II_0>	<Maol_Choluim_II,_Earl_of_Lennox>
<Malcolm_II_1>	<Máel_Coluim_II,_Earl_of_Fife>
<Bidestan_0>	<Bidestan>
<Bidestan_1>	<Bidestan,_Semnan>
